1.501382065608576	1.65625
1.3355717138263112	0.00625
0.9432445197445896	0.00625
0.7123672889916204	0.0375
0.7608035146576899	0.05
1.0565113956615342	0.0125
1.8288889570649705	0.01875
1.6573207826179828	0.0375
1.5123046153273405	6.75
1.4413981422119724	19.9125
1.5590092541913294	3.80625
1.7898799230354143	32.1375
1.897440209653154	8.15625
1.693419862438533	1.55
1.6994807948174815	0.2375
1.6699123286233175	0.93125
1.5808374440944264	0.46875
1.770587910916038	0.1875
1.9340768612399821	0.09375
1.9992174354950776	0.0125
2.202789049094468	0.05625
2.1836827894727353	0.06875
2.5401726229459394	0.0
2.6024567477875458	0.0
2.3238719156357583	0.0
2.208400743095964	0.0
1.8513710664264833	0.0
1.4976415251635045	0.0
1.4597255537253795	0.0
1.7969190846003218	0.0
1.948201117731986	0.0
1.8095207258500938	0.025
1.8036760840832113	0.06875
1.7054710604853698	0.04375
1.8911044342444043	0.05
2.2097353344105537	0.0375
2.2814749175730973	0.16875
2.1615282707932075	0.00625
2.0486606617937517	0.03125
1.8505215516070979	0.01875
1.9619725454309118	13.10625
2.0645755622677937	1.6875
2.2278752267585413	5.21875
2.0074379930402415	0.03125
1.911310065985342	1.475
2.1401692573753266	0.00625
2.1290008884545175	0.0
1.9657095525404307	0.0
1.8803186750877634	0.0
2.034670419671651	0.0
2.1699143903471407	0.0
1.844604224080268	0.03125
1.6963378928430886	0.0375
2.228482960473657	0.00625
2.550163129222045	0.0
2.573676467802812	0.0
2.368822001016572	0.0
2.3025966927467056	0.05
2.409930845889053	0.0125
2.384213715447659	0.0
2.2215974990053056	0.00625
2.2066933848805323	0.15
2.1291033551855545	0.0125
2.183606065615013	0.0
2.3925559206882903	0.0
2.380173598623915	0.00625
2.471130741478111	0.3
2.6038675581976363	0.08125
2.331341891757021	0.01875
2.5068234877100664	15.5
2.394674912495646	1.05625
2.4033729751026867	0.00625
2.154094637551919	2.24375
2.0441422827647986	0.38125
2.0317922654826224	0.0
2.111504315558287	0.0
2.3133138042411745	0.0125
2.49387280338388	0.00625
2.5173634276646633	0.00625
2.6059809976205517	1.175
2.4827450678219307	0.00625
2.486288246238256	0.00625
2.812469379718943	0.63125
3.07365808665665	1.0375
2.7433317196195173	0.1125
2.5588392346724347	13.06875
2.4954284805516433	0.1875
2.523839526971089	0.0
2.318117626306588	0.0
2.3656132275722266	0.0125
2.7927372149421075	0.0
3.02468353208097	0.0
3.472844368380631	0.0
3.650489249026001	0.16875
3.730996930553868	0.6375
3.7033146976875058	7.11875
3.8205382153757546	33.31875
3.8435266643410677	2.83125
3.7788193653581588	29.24375
3.424449785597865	10.78125
3.2884562430229183	19.90625
3.2405922915258794	9.24375
3.165530363419072	2.525
3.0238393172649136	0.05625
3.027924105545292	0.0
4.802115055372253	13.725
5.128773465194435	11.25
5.3464472834862615	0.3125
6.076222660983852	5.3
6.236845192840426	0.0
6.845979749312518	4.675
7.56977684924499	0.44375
7.447158748405921	0.14375
7.213472515888318	0.0
7.246930427383001	0.0
7.009017063638456	0.0
6.6901076609163965	0.325
7.010239597739794	0.65
6.948481182752252	2.75625
6.989238965499431	11.9
6.738904412999427	0.0875
6.704711567709721	11.9625
6.966859575250066	7.58125
7.083524510444553	0.925
7.093479178602906	0.5125
7.227520805665932	1.99375
7.274865230646125	0.025
7.471119053934142	3.85
7.318574105723392	14.075
7.292579608441087	17.69375
7.612113275841027	41.10625
7.857618263402303	28.7125
8.023712796315472	28.4875
8.199130539847454	11.025
8.183937954112888	1.39375
7.615869463914977	16.075
7.2865865665809775	28.3625
7.6319961121410875	10.33125
7.412957826920664	1.5625
7.389458116919888	1.61875
7.665379571208047	7.80625
7.71140328583475	5.04375
8.034322645837797	5.93125
8.449748011572808	23.19375
8.60838998266137	5.0875
9.108227239519756	23.29375
9.310960947830864	7.65
9.510662044713055	4.53125
9.834624495847569	0.9125
9.920236206772298	7.725
10.503219915863866	0.4625
10.66785619071809	5.0125
10.47478413609555	1.15
10.292295935740906	11.975
10.193986931125362	10.85625
10.197926095504734	7.14375
10.013004941240741	2.88125
9.968722151517222	3.4625
9.813897949493676	16.63125
10.11050885011242	3.09375
9.888465463004174	1.86875
9.66236782572997	5.11875
9.77076349382488	11.96875
9.601490473200677	3.325
9.988459363916276	2.95625
10.038531776324493	0.1875
9.8351656009494	0.69375
9.840756852080911	0.9875
11.058540131386557	18.5625
10.464104377005498	19.65
10.601505701417205	11.6
10.820643677176445	0.875
10.900249727185518	10.56875
10.808783279249468	24.025
11.334712200117869	6.125
10.996154044576135	1.2
10.727877466519113	2.025
10.754389597459932	0.01875
10.60263283545861	0.55625
10.721403386261574	14.2625
10.391134435927178	9.2
10.818592323506817	16.7375
10.761511792410335	6.61875
11.171748707266877	7.89375
10.866829420476364	0.65625
10.579637887679691	2.34375
10.771355665260991	7.29375
10.424787438020608	7.98125
10.4590491833536	17.45
10.806607249311043	3.6375
10.828230758133177	5.4125
11.200864906510258	0.1625
11.415399955568382	0.13125
11.618907969127818	2.19375
11.699115190943125	1.49375
11.889995567998366	9.9875
11.547060114468687	19.25625
11.620883608464169	6.80625
10.89050276868146	2.20625
10.942602306172656	1.325
11.159077661211601	3.95625
11.420542473084662	8.13125
11.127903546389708	32.09375
10.90329142433443	16.91875
11.40621984503947	2.06875
10.664866988840254	8.88125
10.866190896265714	11.54375
10.68771656509928	3.9625
10.300486207552758	8.1375
10.103360407526482	29.50625
9.217413870016319	7.225
9.139313020952823	3.725
9.085834473071513	54.01875
9.162325130647286	4.8375
9.70553710999207	7.36875
9.924477723722564	6.91875
7.153503230596147	0.30625
7.07709838259809	42.95625
7.413981484706591	45.65
7.2248740849556246	6.38125
7.2024646613540595	1.60625
7.0565777792307145	7.5875
7.320982578664983	0.4125
7.409207695993377	0.0
7.731467079391346	0.90625
7.519009379257273	7.3
7.2513950492353265	3.6875
7.164745042420237	3.8
7.499752195731205	0.00625
7.379393915359391	7.0
7.190274148933989	0.8875
6.798172204993772	22.95
7.168409616150919	27.9875
7.39976839006354	9.18125
6.564601689215529	0.0875
6.876055627730204	1.13125
6.7012377940989	8.18125
6.764957462699468	11.11875
6.877103009340557	11.10625
6.39008974149067	14.38125
6.318565944177971	4.45625
6.2189701744683585	0.20625
6.082372810085515	3.425
6.215619815220782	1.275
5.9468880678302	0.0375
6.048809150905352	9.43125
6.294421905200994	8.58125
5.897055165096251	1.55625
5.474759228378433	1.6125
5.61566215141844	0.01875
5.480092609109852	0.0125
5.54675049860385	0.0
5.657386175248809	0.0
5.396895554463931	0.3625
4.818948717732991	1.71875
4.642457849717342	2.20625
4.382278028383663	1.125
4.4652184114397695	6.06875
4.275521638699508	0.00625
3.9260739638169033	0.1875
3.7733163845201956	2.16875
3.4371816555008765	1.15625
3.228127062266564	0.06875
2.940327290992554	0.0
2.5718267666408168	0.25
2.2819057321294522	0.05625
2.515719417108075	0.0
3.030632028675	0.0
3.37368395608737	0.0
4.225184036838981	2.4125
4.331154133172038	1.25625
4.234634005870755	0.20625
4.842433915819889	0.05625
4.78580514691197	0.21875
4.846662687524052	4.425
4.529720729639147	0.26875
4.076601314331614	0.0
3.895365870716342	0.0
3.5080861095673574	0.025
3.1110125101229587	0.0
2.9159736495029507	0.0
2.6235542943745047	2.7875
2.650327892146246	2.0625
2.774718086955699	4.6
2.402419479265599	4.1625
2.158893411995114	1.925
2.0415008620578208	0.26875
1.9936552081913241	0.0
2.1024461051059515	0.1125
2.069115393691176	1.2125
1.875065614644897	0.16875
1.851239323486579	1.65625
2.591098588271319	0.675
3.009321093858751	0.0125
3.2703438602160215	0.00625
3.4740557977130884	0.0125
3.56624721039028	0.0
4.371186509511132	0.175
4.700359881329897	11.86875
4.727147866796688	11.21875
4.297949170645783	25.40625
3.5721143140760354	1.78125
3.126848541499835	0.55625
2.7830507017141155	0.0
2.3771705157849765	0.0
2.132273261938817	0.01875
1.8273469084771974	0.00625
1.571255795218025	0.0125
1.6830830892782336	0.0125
2.008553265169435	0.0125
2.379870236528579	0.0
2.4852671122634393	0.0
2.537995835864181	0.0
2.495390623385004	0.0
2.3257375168077417	0.6125
2.4155574303760936	0.38125
2.2272235787301238	2.3875
2.0381997171268758	0.05
2.1658000734767837	0.0
2.025611199694872	0.0
2.039287984477199	0.15
2.374460952178048	0.0
2.5478313801381764	0.0
2.3823435714156784	0.00625
2.4063909484271697	0.0
2.2953228167486346	0.0125
2.16935158046977	0.0
2.0446513354655416	0.0
1.923798892878529	0.0
1.8033363791079013	0.0
1.645377856067734	0.0
1.4745352773146654	0.0
1.4064779345605691	0.00625
1.429334325109589	0.0
1.3827472958432927	0.14375
1.2795357881479625	0.225
1.261010257462476	0.71875
1.3180463694834348	0.0
1.407477616140957	0.0
1.4761166973557436	0.0
1.444851472952807	0.0
1.452394387215128	0.0
1.5381131077308914	0.0
1.58552441370548	0.00625
1.5129476823979866	0.0
1.6875603301861055	0.0
1.8526748672455402	0.0
1.8184249838247633	0.0
1.839053101545395	0.00625
1.7967123844704713	0.00625
1.6911206705179742	0.0
1.517426689973635	0.0
1.2787158019185556	7.88125
1.0864877097309584	4.06875
1.330259848584599	1.23125
1.4507604719029765	6.13125
1.451214757902648	7.675
1.4178757179112118	3.33125
1.3211981047967103	0.18125
1.2751080139378321	0.0125
1.4564880088343886	0.0
1.4994074357966714	8.80625
1.4271815142333684	25.26875
1.3770977446751576	32.89375
1.3412316126199944	8.0375
1.368015053255062	0.275
1.5106734762074097	0.0375
1.6589733741323425	0.08125
1.8851028114265245	0.0125
2.139334380660375	0.0125
2.4990981019045444	0.00625
2.0794377811281524	0.0875
2.5665484680868573	0.025
2.61970952053062	0.225
2.8146148715429464	0.0125
3.3167144726796964	0.025
3.535260614733809	0.025
3.300048359828976	0.0
2.5601122449959584	0.0
2.333966907691788	0.0
2.3803502654015647	0.0
2.242179935744859	0.0
2.1278994972864256	0.0
2.1512533310050856	0.0
2.353185981670106	0.0
2.4430134666717858	2.14375
2.4240500547588386	9.04375
2.422693758668709	0.00625
2.4141700914093196	0.00625
2.4295978963392693	0.0
2.390833671987314	0.0
2.423406735307082	0.09375
2.4534559875175646	0.0375
2.240388282238378	0.025
2.015081102603601	0.0
2.4020353552147653	0.0
2.2522658420808956	0.00625
2.313647956832044	0.0375
2.3460529343319334	0.04375
2.2255765396002043	0.0
2.5991053790155263	0.0
2.7087045264379017	0.0
2.676769608757117	0.0
2.3228684483387063	0.0
2.677442961561074	0.0
2.761182509404936	0.00625
2.4952866423673017	0.04375
2.281363365122067	0.075
2.134155520264122	0.125
1.8934939786026757	0.21875
1.8950854938881911	0.21875
1.9822437962606907	0.9375
2.1428177447534105	0.01875
2.2775612436859287	0.15625
2.379827836501943	0.00625
2.6162862231419854	0.0125
2.588700967717498	0.0
2.5692921031437614	0.15
2.280731402820302	0.55
2.277325267347211	17.33125
2.304392889113184	2.1
2.504197714631966	0.00625
2.3962442182433996	0.525
2.1071603318769854	0.0
2.153391756157983	0.0
2.3165548824677185	0.01875
2.0413393381468263	0.0
1.9150124968826634	4.63125
2.0540787794831656	3.34375
1.887016617390695	4.98125
2.094365114315131	1.0
2.146755899608339	0.71875
2.745180285066513	1.99375
2.8693006844683833	0.00625
2.4705699506496277	0.00625
2.444845753537127	1.33125
2.5474394322729044	11.35625
2.753769571414743	5.125
2.908726778283749	11.9
2.927034504070504	8.2625
3.123216020170241	4.80625
3.37177179060042	24.71875
3.1629527951331595	0.25
2.9907283036072014	1.6625
3.1433017708834874	0.4375
3.0156954835774723	4.375
3.0383454263777523	2.59375
3.5163915933563485	0.00625
3.2143630798104104	0.31875
3.4242098973519277	0.04375
3.4902021316658516	0.0
3.2036785254792512	0.0
3.2519827558243053	0.0
3.3777019895639078	8.90625
3.5135106629751	10.2125
3.443699523881161	0.00625
3.281536836295146	0.00625
3.0770728030875123	5.74375
2.93377156544563	8.275
3.176265141591306	16.5
3.283221480210594	4.55
3.4031158841005213	0.0
3.4084938731932977	0.91875
3.999491124223789	9.8
4.114884815762529	13.40625
3.989187223703188	5.64375
3.7197730377886544	5.06875
4.025310342824554	3.35625
4.056598281527474	7.825
4.049562779488675	9.99375
4.107581411174479	0.56875
6.106033413044508	0.18125
6.420392131955415	0.0125
6.487332435912542	0.0
6.330157303840696	0.0
6.131141926436898	0.0
6.638993293091709	4.48125
7.439583529361402	15.79375
7.817132042730481	4.1625
7.944668799040436	0.2625
7.850179330157685	0.86875
7.233317747402849	7.5125
6.842892244991974	6.9375
6.648930420762854	6.21875
6.589430816718122	0.05
6.2358474041183705	3.225
6.135137371804008	11.075
6.076317430091006	0.35625
6.361413063951972	5.26875
6.549968884785004	13.325
6.827653978276332	9.4625
6.9774923914534845	0.15625
6.987120983216519	3.275
6.979674730919683	1.075
7.261822427214449	0.21875
7.242174557728664	16.91875
7.655159650502107	17.81875
7.962956081957206	0.03125
8.114768115421821	0.0
8.270138470169416	0.0
8.209582398794337	0.0
7.884900409112565	0.0
8.140536983990955	6.3625
8.028494408843125	0.0875
8.265813415071435	1.3875
8.065161598544375	2.64375
7.982393465596477	2.78125
8.282291630185068	0.025
8.449263439839825	5.4
8.178802503267717	20.0375
8.155999112751992	0.00625
7.705481920210145	16.625
7.8151127414619435	16.9
7.955871491792331	6.725
7.936694565459538	7.89375
8.125172274338738	6.6875
8.678689479204955	8.71875
8.861987570544569	4.4875
8.715799092993663	2.8125
8.965300535446492	2.03125
9.171974165280306	11.50625
9.607298267325366	29.175
9.469721285660452	17.7
9.762458136226446	3.49375
9.780801195368731	6.4
10.047549858180194	1.3
10.222368196573719	7.625
10.215814363885126	9.54375
10.300651769561528	22.2375
10.386771271281447	23.28125
10.439836923665275	25.88125
10.329907787940362	23.86875
9.974240212126563	11.7875
10.26449363256102	11.60625
10.409422980749502	13.81875
10.33783861197018	40.13125
10.448829767409883	19.03125
10.318336114004289	8.58125
10.35490260364228	14.15625
10.728179819090006	17.09375
11.126552802684019	16.00625
11.117704320934866	23.41875
10.682182352098838	12.35
10.72449253105934	12.31875
10.444776022006149	23.125
10.47823115730861	8.2375
10.629862738278911	19.9125
10.549632297401399	5.575
10.43348600538987	4.04375
10.585609729526482	28.06875
10.848133027778779	5.2125
11.074671322472664	15.41875
11.018086467878046	26.0625
10.900179060474459	12.66875
11.051917651035794	7.475
10.961369365581302	0.6
11.16029817626405	0.75
10.067404175414719	14.24375
10.03451285951407	4.28125
10.255941950998317	0.0
10.30574027752007	0.0
9.736321548378687	0.05625
9.822475373929692	2.10625
9.1053576662885	2.50625
9.554580900874615	24.79375
10.285572502945769	29.8125
9.776029173323295	12.11875
9.382786088190013	15.2625
9.177988911915953	31.68125
9.612610384948187	17.85
9.95529143831805	9.3125
10.078101096420312	1.78125
10.368714917081174	1.9875
10.31420211140728	11.0375
10.835466019821276	8.84375
11.333509856505405	8.06875
10.337229363968397	14.23125
10.229301610453145	6.79375
10.28921991476091	47.83125
10.33850994572525	26.15
10.381452591749738	22.7625
10.219051404013896	4.8125
7.2145572499030886	1.21875
7.1084486594354095	0.00625
7.0806819419921645	0.1125
6.819203753920223	0.00625
6.752368188124132	12.1125
7.000838906119927	22.89375
6.967660380515042	19.35625
6.752174107049827	3.75625
6.7227108837789205	0.45
6.65282049701615	5.3125
7.03302456443442	16.15625
6.776669586723773	8.1125
6.324138771488384	10.33125
5.967344314014289	18.35
5.9021141444648135	2.20625
6.259816290604363	7.2875
6.59870317254308	22.95625
6.483165623771112	14.64375
7.075639619776924	4.8125
7.120691667126552	13.875
6.557725818229392	12.06875
6.643933400957025	13.5875
6.653930469142014	6.74375
6.503347531687622	3.825
5.95447186783249	11.80625
5.48711618614116	7.1375
5.556488876150138	3.95
5.706584339488772	3.41875
6.0579592280820656	14.28125
5.785729163017625	0.53125
5.969619151157643	0.00625
6.024242373567569	0.09375
6.0230375061439965	3.25
5.9115743980268585	8.96875
5.849082563530958	1.16875
6.069975092773372	0.0
5.551041040584913	0.0
5.3790742932684905	2.75
4.780380343094843	10.66875
4.3754365443238905	1.28125
3.8705921408675983	4.675
3.5943577970971656	1.90625
3.837209691325082	1.44375
3.905722960556071	2.80625
4.21260962120155	7.18125
4.247265238805784	7.7125
4.246322469165911	9.61875
4.8243424806452	0.225
4.913540408852579	0.38125
5.272731713963342	3.075
5.483429465967994	2.53125
5.41034999148753	0.4
5.093338715553126	25.00625
5.12357573931014	45.2
4.555049571741377	5.04375
4.615716059852487	1.74375
4.561144070808079	0.49375
4.785840858839165	0.075
4.45750185897313	1.25625
4.065767161096952	0.1125
4.007082621849964	0.01875
3.8512529334804784	0.41875
3.5926510698345115	0.025
3.300946079440549	0.6375
3.1755522911434886	14.9125
2.922201658177334	11.575
2.6592389644109105	2.19375
2.727899750401237	0.94375
2.5138790540471843	0.60625
2.528621391879852	3.0625
2.4039976183522347	0.025
2.593677418462786	0.125
2.2531744140802386	0.0
2.415459001742832	0.0
2.1885257306103427	0.0
1.9823190058317475	0.0
1.9928776219885531	0.0
2.2466877147671536	0.0
2.157146177564156	0.0
2.0316186272783034	0.45
1.8321340733892897	0.8625
1.7623133438131355	0.04375
1.6465087758258048	0.68125
1.5599168166662283	0.3
1.4385563309029172	0.2
1.4157441070483099	0.00625
1.4131854673457163	0.0125
1.3081792775705732	0.0
1.2835059954039791	0.0
1.5183663048496219	0.00625
1.5986295552715544	0.0
1.6286894074886962	0.0
1.6049219211292245	0.66875
1.7603503235323337	0.04375
1.7828253662227405	0.06875
1.819519813083971	2.3625
2.2739420985552137	11.15
2.36719338570775	17.0625
2.252948785367068	9.28125
2.245326875817027	0.075
2.198746408459615	0.03125
2.103768834508328	0.0
2.211856597647908	0.00625
2.3109855884928585	0.025
2.2052550649293505	0.20625
2.3889953279753104	0.04375
2.3930803686367996	0.0125
2.2913642190237207	0.0
2.288309398057042	0.0
2.2002304093918745	0.0
2.1503717637846123	0.00625
2.0987479646875156	0.6375
1.8549329210450178	0.83125
1.5131639730100521	0.34375
1.4500588524145952	2.91875
1.5502602105998813	1.40625
1.5274275438752887	0.20625
1.4707586463707312	0.05625
1.4815916007951158	0.03125
1.4678830159928116	0.05
1.4660148910097184	0.0
1.463976156395638	0.0
1.4254559845779502	0.0
1.5308662365116898	0.0
1.6109023439337866	0.0
1.6350961019896166	0.0
1.9265518660365375	0.0
2.0319931608469215	0.04375
2.061593679442173	0.0
1.7904316281439043	0.0
1.5135566780186571	23.8
1.7978660185285258	14.8875
1.7809774317285219	0.1
1.6155385849415436	0.4875
1.4443631155031604	1.38125
1.3964036377556353	0.19375
1.3830231483975375	0.1125
1.298508538162014	0.11875
1.1953273161999949	1.9875
1.3495834083428413	0.09375
1.5648390054726673	14.94375
1.5180349284509727	12.54375
1.5189301242514364	6.1625
1.633619924871796	7.8
1.9598813155457582	0.325
1.8473385210360673	0.11875
1.6240360045653963	0.0
1.6283696406211496	0.0
1.734523154926574	0.03125
2.4697131167780255	0.0
2.805440691970139	0.0
2.828219853899215	0.025
2.8413904883635754	0.0
2.9693232306365767	0.0
2.6949346130256417	0.0
3.077865532156939	0.0
2.5987048501924823	0.0
2.514119320864788	0.0
2.6273281491262193	0.0
2.5473574084118527	0.0
2.3594238332078157	0.0
2.2067347753827247	0.76875
2.2828938041787374	0.0125
2.1424265540314713	0.06875
2.253210756960212	0.08125
2.572676786222424	0.10625
2.8026277782982856	0.025
2.839811087371385	0.0375
2.7021543532754184	0.06875
2.5768940745860394	0.0
2.7293289846324256	0.0375
2.7633098297889527	0.0
2.690281841055119	0.01875
2.4744929626379006	0.05
2.4296539249458955	0.0
2.0965764776090867	0.0
2.115972975508387	0.0375
2.165356892245993	0.0625
2.077055303440987	0.01875
1.9852279505163097	0.0
1.8132827186895946	0.0
1.9232744449300196	0.0
1.6608899562887336	0.0
1.4768920121285158	0.0
1.5931352184866405	0.0
1.6348109113342675	0.0
1.6347104636521181	0.0
1.4103466846099924	0.3375
1.4334625229410465	6.4125
1.5349426962154076	1.46875
2.045425388332759	0.0125
2.109552652427477	0.06875
2.0742616969241197	6.35625
2.188912126091174	2.2875
2.0811645726891257	0.0125
2.3122825750219205	0.0
2.5944103332089226	0.0
2.6544192423355084	0.0
2.795973245546433	0.0
2.9118335897592793	0.0
2.6699840902086924	0.0
3.083286930800795	1.6625
2.780877826539576	0.0
2.427269175828732	0.0
2.6920396754927363	0.3875
2.7779638342327955	4.2
2.7634188584288735	6.5125
3.07024299165412	0.0
2.8494096457822184	0.0
2.948668360518186	0.08125
3.0395057485352464	0.975
3.2886103216911398	15.64375
3.265939052686986	0.58125
3.0487408781463428	0.0
3.2306642495747284	3.74375
3.1604325173594274	3.08125
2.806403778289442	5.44375
2.506682406669057	7.19375
2.586661475960084	1.375
2.938016615731448	1.84375
2.9745246791422577	0.23125
3.354924972874275	9.0
3.602693566619468	4.55625
3.4290817361267365	3.675
3.610834750305245	2.45
3.5510649722812637	0.0
3.5683519426648687	0.0
3.456405524720302	0.48125
3.2709099510478343	13.3875
3.070364008396811	4.7
3.1224643030313404	7.61875
2.7395890339350024	1.80625
2.794126951529435	0.0
2.858654618256641	0.0
3.0742967370578542	0.0
3.26663865312648	0.0125
3.116724651806604	0.0
3.2507990884140505	0.0
3.2332380321439773	0.36875
3.416716954549571	3.80625
3.630397693547203	23.675
3.8880078256177764	1.85
4.0925529993525736	0.00625
4.095398028520793	14.8625
4.037680298214494	4.33125
3.7835128337828188	0.425
3.2290888866803122	0.0
3.3113378716830306	0.69375
3.0659675294444355	0.99375
2.880688498765145	11.1875
2.9301351322088163	6.70625
3.3061792017756515	34.25
3.825786543672791	0.1625
4.057432274908537	5.325
5.5851588655893964	0.0875
5.662035476979057	0.45625
6.056617317715259	8.9375
6.486623623562499	12.26875
6.395808066511534	22.96875
6.204635684510951	12.63125
7.071825888809682	11.31875
7.424185253021431	4.0375
7.770912480361698	0.14375
8.09732353303444	1.66875
8.080863741741904	3.58125
7.561283720100023	4.30625
7.8581358970608175	24.6125
7.998700566316902	8.89375
7.695357904326359	5.11875
7.725576504262275	0.13125
7.832768566839169	0.03125
7.606295891234125	0.05625
8.0177159687387	8.56875
7.820556097262449	1.95
7.143560676731118	2.8875
7.006463976320303	11.075
6.949582321539232	8.03125
7.054191768207996	1.46875
7.296734811051413	10.5875
7.413625627340181	4.7375
7.948135505980151	1.4375
7.986112806028231	22.9
7.5520470762022605	25.4
7.710824575947392	5.25625
8.331189965665247	20.05625
8.746654198091342	8.43125
8.984537528483687	2.39375
9.106744752874164	11.05625
9.481587235971867	4.1875
9.791419373467715	14.45625
9.676386082155382	5.675
9.71680340278392	0.1
9.740089093602629	3.08125
9.774209000751277	1.15625
9.959139745497488	30.9875
9.550348974406564	17.825
9.793744308261589	7.3375
9.649877484550116	7.08125
9.490276212858914	2.23125
9.271392132497269	6.29375
9.064006535549527	4.65625
8.63368967474529	24.78125
9.038043585906088	12.6
8.814709017034328	7.61875
9.34482695958192	14.19375
9.465640283096738	1.89375
9.38231766884813	5.65625
10.080005564283379	3.01875
10.209968207831578	7.18125
10.4121895824875	54.40625
10.435298101766339	53.35625
10.134224598344154	13.33125
10.050099916925014	15.68125
10.04829084912188	3.125
10.201297907146738	2.09375
10.327100805224614	3.95625
10.661714244002535	4.50625
11.098832775746295	1.4875
11.290166429276763	3.36875
11.223189530058551	1.14375
11.267217414860031	0.1375
11.253648901574293	0.75625
11.341324080461973	5.5625
11.316675026882029	12.00625
11.201748240398508	15.675
10.9572378867954	2.7625
10.90165498521117	1.33125
10.856530252101592	0.0
10.904704253793408	0.89375
10.993568147713562	0.91875
11.147801273175315	19.66875
11.021067593560334	9.30625
10.733447012875082	3.075
11.076478875989135	5.075
11.429187030896186	33.21875
11.612399060276973	40.45
11.839107459839624	32.4
11.87854049413554	2.89375
11.374515225122405	14.84375
11.678457292251405	3.18125
11.469009236865155	13.60625
11.342164004799145	39.21875
11.01997125001446	17.03125
11.080770869161586	7.24375
10.943994945142759	9.175
10.889309006026767	17.3
10.607597676672796	24.9625
10.319868572109847	8.65
10.256942894484261	17.2375
10.591435190328934	19.375
10.721508881565942	32.98125
10.591329695024566	11.36875
10.691454834114353	17.23125
10.894845742838317	4.0125
11.160433452539507	10.48125
11.093172876952613	3.10625
10.906005026039132	0.54375
10.868130697484311	2.39375
10.740356198167863	19.23125
9.630364891339788	10.0375
9.452432170037405	1.05
9.457444458900444	1.81875
9.44599443265984	29.34375
9.453723351800914	33.9875
9.554873158201069	7.34375
6.904114097737683	0.2375
6.949721888293576	9.16875
6.924056495979921	1.6375
6.7626946136588835	20.3
7.0044401321917675	5.7875
6.950197121925454	11.0875
7.005489280469897	24.40625
7.25258124045669	0.88125
7.560711319740437	1.86875
7.30114794715711	39.5
7.243720644414212	24.45
7.099115353572162	48.08125
7.011396007990069	61.64375
7.166527610206725	3.10625
7.192405759796892	40.40625
6.813894917251842	23.23125
6.969625924606953	3.6
6.893932538960604	2.19375
6.996433846209781	3.00625
7.292486227430043	13.98125
6.727118215119066	5.8875
6.981448212986178	0.0125
6.881732940820541	0.0
6.879768406253073	0.43125
7.119635704558427	2.51875
6.962838639390753	4.96875
6.694196613485105	0.3
7.0066663859712675	1.19375
6.720078548791936	0.0
6.717657835366465	0.76875
7.047693459363808	3.125
6.57470248603711	7.49375
6.517624226370627	1.025
5.747307924595421	0.0625
5.115947520232325	0.0
4.765005916769855	0.0
4.273594330345903	0.0
3.7805641390732854	0.95625
3.183264300750132	0.26875
3.0141409421247083	1.3625
2.9838571016716173	26.78125
3.9063351109406286	1.56875
4.414940119140311	0.4125
5.371002640578775	0.1375
4.609307598683791	0.0
5.228636191024132	0.00625
5.142271374864392	0.0
4.621340995975397	0.0
4.181342125368616	0.0
3.919272040496269	0.0
3.8698667975547894	5.55625
4.398126552625531	3.35
3.792494825139654	10.44375
3.6361081947536276	0.89375
3.300920841329456	0.1125
3.1359919305771093	0.5375
2.7888242981982714	2.73125
2.4332074509877692	0.575
1.9939858274466404	6.4625
1.7836297048232694	5.4125
1.6672933698352121	2.7375
1.601491557069484	0.375
1.6265439156646928	0.00625
1.7205187794622612	0.025
1.959949458445709	23.475
2.1615151469754394	20.5375
2.0869082620116366	15.83125
2.0213017922257674	7.91875
2.1242079187768743	0.3875
2.5026803993930637	10.23125
2.4693908260993696	0.09375
2.1853694524370706	0.24375
2.122170193687237	0.50625
2.150203425583623	0.03125
2.104050996590346	0.0
1.9772940979131608	0.0
1.9253114128763236	0.0
2.2795648973255904	0.0
2.442907971367418	0.0
2.5642780476129445	0.0
2.4792581703933423	0.0
2.435277985621827	0.24375
2.156488724770187	0.05625
2.0429457439178864	0.05
1.8811575899004898	6.63125
1.8298119147876362	0.0
1.786163863558103	0.65
1.6063887601459412	9.38125
1.453920031030691	0.99375
1.2513359847183638	2.03125
1.1474912528157137	5.525
1.1912735707962612	7.6625
1.1555427150165554	0.7375
1.2119185980513252	0.14375
1.2928006869572548	0.00625
1.4490773422741943	0.19375
1.6988046658213038	0.0
1.7129758651999403	0.0125
1.9460629449601998	0.00625
1.955942151166386	0.0125
2.05862189186099	0.0125
2.1925777093463	0.0
2.0561649617461004	0.01875
1.816264096752993	0.0
1.570995842673769	0.08125
2.0543538748940775	0.0
1.8644050365192761	0.0
1.610674696171729	0.00625
1.675938432408958	0.0
1.6251040814268456	0.00625
1.640494281571267	0.0125
1.6299601463822215	0.6875
1.5509638491371498	7.24375
1.5171223183538554	6.58125
1.4586703483005876	1.20625
1.4774114124548068	8.25625
1.4815623245862484	0.31875
1.4600231110551642	0.05
1.3906392531820275	0.01875
1.5311049890426283	0.1125
1.7367960992115963	0.0375
1.694164134334661	0.0125
1.9980004537781806	0.0
2.1504848305223083	1.2625
2.3959827514124776	0.0125
2.438713397303786	0.00625
2.150369492354614	0.00625
1.9479426794743953	0.0
1.9922204215756953	0.0
1.9858957509358266	0.0
1.6831164035848758	0.0
1.6033579153848003	0.175
1.584945956199232	2.65625
1.5919618987019337	11.95
1.5350073057798053	10.01875
1.56059673137907	0.15625
1.5363431589999497	0.06875
1.3766790444121275	0.05625
1.3139509811963976	0.01875
1.4885843242356125	0.0
1.616004228091207	0.05625
1.5399017326640418	5.225
1.20285508759566	23.575
1.2359962607961283	27.86875
1.446991917154592	8.64375
1.7885594650630363	0.775
1.8268391176820091	0.03125
1.5715768239911263	0.0125
1.3377638961558365	0.00625
1.3248874118762632	0.0
1.267372785268984	14.75625
1.0950096103225713	0.03125
0.9696102696410707	0.05625
1.3187318365807168	1.3375
1.5865359571980817	0.375
3.020632058107234	2.9375
3.33518081999467	0.025
3.2332757631200613	0.00625
2.3502290845744676	0.025
2.272847269296006	0.0
2.1848268330485743	0.0
2.307972410409483	0.01875
2.4559810605324044	0.0125
2.617643023994337	0.0125
2.611809991758557	0.01875
2.5662370297959716	0.0
2.3315296633035514	0.1125
2.4013705833685797	0.0
2.3471634112200186	0.0
2.508331212466753	0.0
2.1056871833324955	0.0125
1.7988379381867112	0.0125
1.7275523886427284	0.0
2.1149038891224943	0.0
2.1227342654701626	0.0
2.01434970214413	0.00625
1.9194019091639323	0.0
2.0846287558177305	0.0
2.138300375248901	0.0
2.3149515052699896	0.0
2.291568647723573	0.0
2.3644689316152765	0.28125
2.113481973943523	5.19375
1.8836478343220215	9.86875
2.2376277376470415	0.00625
2.3081167724049343	0.0
2.4491907467428726	0.0
2.62107136900519	0.0
2.3785300928295485	0.0
2.3821651379702518	0.00625
2.8949977506114593	0.0125
2.6684720749731197	0.04375
2.3217592333561754	0.6
2.271972263984417	0.0125
2.191458903881554	2.05625
2.1536688706177824	0.0
2.324705278064044	0.0125
1.9836682352507715	0.0
1.9181586798114987	0.0125
1.7878979741712926	0.5875
1.9327932509097998	3.88125
2.081339472798999	0.3125
1.9171102886767013	0.03125
2.130199193969206	0.01875
2.439987417151753	0.0
2.64384624045538	0.0
2.5159745744112234	0.0
2.744736094311279	0.0
2.588677748655292	0.03125
2.6146018316076485	0.0375
3.03304441352381	0.46875
2.9866847796384604	0.0
2.7263418018034753	3.75625
2.832787573435355	2.5625
2.376624615442038	0.09375
1.9082883069441947	0.0
1.730386123756234	0.0
1.6117738159098232	0.025
1.5736594729185085	0.03125
1.5390660988057574	0.0
1.851334218784288	0.7375
2.1426771684746235	0.45
2.300915077404589	6.04375
2.2240993529579396	0.00625
2.196822254869896	0.0
2.610702038681581	0.44375
2.5456134549353364	1.74375
2.5560804567488753	14.30625
2.649262086714795	8.58125
2.6861135146270234	0.35625
3.060479754568406	0.18125
3.242546352277243	1.25625
3.2562564513662133	9.81875
3.178615440686828	0.0
2.96718505786479	0.29375
3.099372440905824	0.03125
3.43413705596919	0.0
3.5587554033029223	0.0
3.5140474775980444	0.0
3.5522004348993312	0.59375
3.6227077672877663	0.00625
3.587447728470498	0.025
3.321342889873015	0.0
3.3758715955568985	0.0
3.32545417817004	0.0
3.2983162682646734	0.0
3.2528585182792273	0.0
3.3233316530271315	0.55625
3.318830688294832	3.61875
3.491811439819687	0.0
3.733955531222005	0.2
3.973131242188137	1.70625
3.9182505279497857	2.14375
3.939946722531867	2.69375
5.476385950828923	10.425
5.369138995360401	24.99375
5.688826741428564	9.2
5.728875522539868	1.31875
5.982043494676987	8.91875
6.2590173781977185	0.78125
7.485745296455783	0.03125
7.531079758268541	3.23125
7.772282657412928	0.575
7.821634521749447	0.55625
8.149757223116506	2.925
8.1044447184604	6.7625
7.911883230825266	3.0875
7.8430730352172695	7.4875
8.026697202952203	18.8375
7.956871173372719	3.7625
7.775054559154256	0.0
8.003746926629917	0.0
8.02233656211758	0.0
7.63690290569976	0.0
7.540406249841793	0.0
7.8592721168222175	1.23125
7.940377563011318	16.4
7.989251165142627	0.675
7.752127754275287	9.7
7.654166026068381	0.0
7.841691248634937	1.3375
8.134472518276453	2.54375
8.537011809249677	30.50625
8.277397455681943	43.53125
8.152945806071978	5.15
8.219636757491507	36.00625
8.646354411272792	43.69375
8.580512974672649	17.61875
8.13181040231838	11.50625
8.435127573816718	25.44375
8.581020008324504	17.29375
8.648045869478237	5.0375
8.486599944247258	9.49375
8.53389515491082	18.76875
8.758586777016042	1.34375
9.125905526815856	0.03125
9.200788011952792	12.88125
9.546103924120747	0.375
9.335498953722002	4.55
9.273236028893713	5.28125
9.106044142910225	3.875
8.84112675743966	0.89375
8.793947389706016	9.1
8.70956502717262	33.3875
9.347019141911446	13.875
9.154232782706472	5.83125
9.877758951516363	0.00625
10.077434305525239	0.0
10.446134337145164	0.15625
10.654260420272372	28.83125
10.844011644237316	4.33125
10.950747149384542	11.9375
11.27771394526355	2.69375
10.953864056104509	0.31875
10.842910253069224	2.075
10.733136584108642	5.31875
10.91423971692651	35.98125
10.932060851931393	3.7875
11.026756768562885	7.4625
10.81684786526808	21.9875
10.670964516480286	9.6125
10.793166440867434	4.05625
10.726572656175613	1.35625
11.256147474572485	1.1
11.064060211044787	3.4
11.157294841044001	20.85625
10.778742355615648	11.0
11.036506250878054	3.75
11.011757759140401	1.51875
11.332536674941665	5.90625
11.39232020773619	14.46875
11.260372334369428	31.35
10.843848606039657	6.725
11.080686069108314	0.6625
11.21988939465205	0.0
10.827834015026799	10.19375
10.394719761989029	10.7625
10.599331690527666	11.7
10.598223232688468	27.46875
11.070426272186847	14.58125
11.2894537050195	8.3625
10.702171945608821	13.8625
10.741876541980096	0.0875
10.896899115556831	0.03125
11.026544263667482	5.09375
11.368967383541975	27.79375
11.439006675160194	13.59375
11.566875565012129	1.1875
11.808868164652612	23.44375
11.902885680857928	44.5625
12.035290364035472	19.79375
12.012719416522913	16.04375
11.81580157853204	6.2
11.742340503811853	5.80625
11.353887612163994	11.09375
11.206718129234911	13.19375
10.927609353896838	0.025
10.81488837832283	2.68125
10.712053170863893	3.98125
9.670436449846353	5.775
9.76007262996595	0.0
9.767140310596393	2.93125
9.694487864955619	15.89375
9.514234246957137	6.0375
9.279520823318055	4.80625
6.628866753396814	2.46875
6.857840147239493	2.15
6.913068327172315	0.8375
7.3233085229833	4.26875
7.757755600667883	4.225
8.040976926208538	0.9875
8.118008436505031	0.5125
8.103757484695342	0.00625
7.671125784341667	19.15
7.452400451698796	7.5625
7.873952621282708	0.00625
7.8483036337412635	31.6625
7.5841471773201485	16.85625
7.069396972998106	7.24375
6.875904199063647	0.925
6.941758254719337	5.35625
6.681466762630982	0.05625
6.375247839309742	0.43125
5.832636400818411	14.325
6.398324179996935	5.33125
6.011787365743247	3.8375
6.565727182779715	1.48125
6.386263517658438	17.81875
6.536858190834489	19.8375
5.4939863785523	4.41875
5.283212502095065	0.64375
5.162859742560053	0.0
4.54973228030578	0.0
3.4250064121380177	0.0
3.3997945486807026	0.08125
3.4101897480681815	5.125
3.9898529419785396	7.53125
4.814384152960738	0.1
5.348029713051783	4.1
5.754682185180364	0.0
6.449973848157902	0.0
6.848611958108947	0.0
6.113027524581114	0.0
6.041220681852509	0.0
5.678917817346566	0.0
5.354069887084358	0.0
5.446177887804389	0.0
4.846180639602179	0.0
4.62175881290454	0.0
4.082311941728594	4.45
3.868829384998318	6.7875
3.2300878111173676	27.0125
2.814678093011234	0.28125
2.2970362321107283	0.10625
1.9847446406888816	0.00625
1.7470293961164152	2.9125
1.6945803107865824	4.14375
1.5748491974754253	0.8375
1.4880573524759937	4.53125
1.3684610106780726	17.525
1.45966043939876	19.075
1.8838108725196814	0.6125
2.5497593194445596	2.0625
2.7477242866646727	0.24375
3.3446482664183765	0.58125
3.932590696482189	3.4375
3.750576594044425	0.2625
3.6415986196313215	0.01875
3.173840263877505	0.0
2.889056446879091	0.025
3.0503277243813063	0.19375
2.9522541913422584	0.5
3.0173953965501314	3.85
2.8296894691081516	0.0
2.572481443242565	0.0
2.3668915378990794	7.175
2.292344467258567	0.43125
2.1334352245735317	0.0
1.9043862425881288	0.0
1.645126989243471	0.64375
1.4091902743597178	2.1875
1.48564812239107	3.44375
1.6605199655801126	0.04375
1.8171416258756916	0.0
2.0726898673652565	0.0375
2.143861845409322	2.99375
2.032947666208453	0.0
1.8986112580078625	0.00625
1.9734483145448318	0.0
1.9383340258191244	0.0
1.577962066097618	0.0
1.4599309919496757	0.28125
1.611654439644354	1.04375
1.7434513891067813	0.0
1.7528258330911104	0.0
1.6506109784028369	0.0125
1.5798549244295819	0.00625
1.704227326370714	0.1375
1.6889706358339742	0.05625
1.4716611612234112	0.01875
1.314903719890153	0.0125
1.3026733312545566	0.00625
1.324273873395596	0.0
1.6599145032949951	0.1
1.7664877273878932	0.0
1.6660688166849869	0.0
1.5979789167675809	0.0125
1.9575543617029973	0.01875
2.001031803301543	0.0
1.8488540696071931	0.0
2.0404436375841413	0.28125
1.9118557139471695	0.0
1.9330304891540728	0.0
1.8918070632572297	0.0
1.7355871936902485	0.0
1.743975332293069	0.0
1.6678955511658877	0.0
1.608161232687992	0.0
1.6065994983735665	0.0
1.61292543091899	0.0
1.5990810650790057	0.0
1.5971723067370531	0.0
1.3372238005784496	0.0
1.4547950363422801	0.0
1.483603835392549	0.00625
1.4546398219590588	0.0
1.4095822222249899	0.00625
1.3399379070453747	0.0
1.3032886364030003	0.38125
1.2333957258291206	0.03125
1.1615912807210687	0.0
0.9267529284320761	0.01875
1.0454795649217377	0.0125
0.9870813520450974	0.0
1.0703943758114907	0.0
1.1597567224257292	0.86875
1.1404349293352634	9.6125
1.485171122091415	11.2875
1.6898734030677653	0.0375
1.6474907907284275	0.01875