0.5340602176808886	0.1076923077
0.7015001286845512	2.215384615
0.9657883848824338	1.453846154
1.1865123500839787	2.546153846
1.510911569627127	0.0
1.1697642301403492	0.0
2.0763876208612997	0.4538461538
2.0677726562039203	0.007692307692
2.4492181718830217	0.0
2.6165881589281934	0.0
2.371286088802514	0.0
2.2564391502069756	0.0
2.229447003858731	0.0
2.5794107555975896	0.0
2.7985432848009917	0.0
2.7718682935501904	0.0
2.6937604016597607	0.0
2.5874438530289505	0.1230769231
2.4975652616401756	0.1615384615
2.93314956866691	0.0
2.9630012719462244	0.007692307692
2.6229427483845287	0.1846153846
1.8898616324161606	0.3384615385
1.5602918691137995	0.0
1.5854165463134757	0.0
1.933529976922158	1.953846154
1.909632132222776	1.592307692
2.191874030705804	0.0
1.9133687353760673	0.2076923077
2.0475389934151065	0.02307692308
1.8139463560812845	0.01538461538
1.552276252672061	0.0
1.593715188301489	0.0
1.7038444240118542	0.0
1.601479078492658	0.0
1.3822957711765418	0.1076923077
1.3303179631175266	1.030769231
1.299878066158806	0.5769230769
1.2840039956963198	0.0
1.558983958118778	1.076923077
2.0521366601715356	0.5
2.2299549514714867	1.2
2.4255219412639573	0.1692307692
2.827161496155394	0.0
2.2931811936531625	0.4307692308
1.7931772755531648	0.02307692308
1.867525922246601	0.0
1.8759377744531243	0.2846153846
1.8528119235526113	0.4
1.684547742266826	0.2
1.3923821357033201	0.5076923077
1.79540685091535	0.2307692308
1.8396585610179046	1.153846154
1.6299840796285503	1.153846154
1.3616205885355392	0.2846153846
1.392182685936004	17.12307692
1.3324090224476524	2.923076923
1.3724621318140255	0.0
1.3790975825036345	0.0
1.262673858644114	0.0
1.3343099552049273	0.0
1.561396001715503	0.2076923077
1.8629026167053913	0.8846153846
2.242549588280723	0.5615384615
2.3798581001711057	2.346153846
2.4032205271311815	0.07692307692
2.7769998796753868	0.2615384615
3.0237896652607796	0.1692307692
3.3162031689057	1.169230769
2.6613994271842953	0.4615384615
2.4124671382136005	0.6076923077
2.582811723750122	6.715384615
2.403696343020154	0.05384615385
2.1802220354512785	0.3
2.3850692664204898	0.0
2.483438957168745	0.01538461538
2.5109368868167445	0.06153846154
2.72677999322997	0.03076923077
2.717093693637132	0.1615384615
2.8056765274808138	0.2461538462
3.107718393724393	8.692307692
3.0738071051978024	0.0
3.4054627667762096	12.4
2.6708338340409483	5.746153846
2.0868159468422243	19.18461538
1.9933609114622266	6.461538462
1.634365648056118	26.23846154
1.6479552029033186	11.72307692
1.8693858995424737	0.06153846154
2.217639677524985	0.6461538462
2.4261379380411436	0.03076923077
2.714681150583561	21.36923077
3.4040793545545793	0.9923076923
4.252161637230503	0.0
4.793372576497599	0.0
4.9765590091716065	0.09230769231
5.057639834697232	0.01538461538
4.870099636693437	0.0
4.810667601688001	0.0
5.093698621177587	0.0
5.024576290924543	0.9846153846
4.695520156556565	0.2538461538
4.599335419123546	7.292307692
4.776034265047178	0.0
4.743452530645618	0.3615384615
5.182309091633435	0.6846153846
5.327267326204188	0.0
5.120729725159849	0.9384615385
5.023210942392189	0.1307692308
5.176792923736536	0.0
5.5943382229787995	0.0
6.435505296699043	0.0
6.679930653573733	2.546153846
6.941879786874459	19.08461538
6.843814098860026	1.369230769
6.8698521161460935	0.007692307692
7.110041246535508	34.37692308
6.716548498750789	93.99230769
6.400271279957655	27.74615385
6.687061565454938	4.053846154
6.617921421241039	5.276923077
6.94534934710056	0.9153846154
7.05533041061317	6.446153846
6.809954587359843	0.4230769231
6.652541439032625	0.06153846154
7.085884516704093	0.0
7.146088046051551	0.0
7.0941099050213055	1.638461538
6.9136564793999185	2.269230769
6.8307223360030385	4.961538462
6.812306196678157	10.61538462
6.90109747051239	9.476923077
7.079433532076408	5.176923077
6.85687489539254	1.776923077
6.746991392450587	0.0
6.8744179841499715	0.02307692308
6.735428966457177	0.03076923077
7.108012452825562	0.0
7.195651812686457	0.0
7.520248151198304	12.14615385
7.622042784027718	0.1461538462
7.61909265892184	3.953846154
7.825322719413027	3.330769231
8.048235970457817	0.08461538462
8.515278067496169	0.0
8.71776586432314	0.6615384615
8.910041766469277	3.292307692
9.209631632568424	1.630769231
9.364493888295627	1.230769231
9.227139259889762	1.415384615
8.943763094908633	13.30769231
9.038624267796772	2.9
9.217972561902762	15.2
9.1836285772616	11.69230769
8.933599148085053	0.3307692308
8.576751216147095	7.615384615
8.21034035045735	3.546153846
8.55093728849943	0.07692307692
8.739778259427483	24.01538462
8.758974716832007	35.28461538
9.001772010873154	13.49230769
8.900290703972027	0.0
9.097108999650263	0.0
9.05665033132464	0.0
9.129549387764303	0.0
9.34562141189878	6.676923077
9.343303599160404	0.2153846154
9.01081251276364	7.461538462
9.183296271973152	1.538461538
9.390141330327832	0.1615384615
8.837586227709192	16.06923077
8.689261529129709	0.03846153846
8.5798351956878	5.1
8.773471951254674	0.4230769231
8.597175005508758	0.2076923077
8.67706046431541	0.3307692308
8.720079681406744	7.192307692
8.262196624017083	2.169230769
8.142688920616857	1.3
7.980361116921383	0.0
8.396516885595648	16.74615385
8.163835590520831	141.0692308
8.50020312798787	16.58461538
8.890263941295583	3.769230769
9.035396777655544	0.0
9.30066863086954	0.0
9.249154984706415	0.0
8.474443807622077	38.45384615
8.520587626744287	9.669230769
10.084515206645174	11.47692308
10.160433646206744	0.7076923077
9.93450966929205	0.0
9.605081918219673	1.161538462
9.693940285756934	0.0
9.624979613036496	2.753846154
9.82261502011539	11.91538462
10.105419806464274	17.18461538
10.129145338551659	8.507692308
9.67619724777534	62.33846154
9.441952319800162	9.4
9.440409664087348	9.315384615
9.392846388607762	6.723076923
9.101246833136805	38.36923077
8.601895871620625	98.99230769
8.917732735960877	5.2
8.9315487112451	12.1
8.915774865123115	33.48461538
9.095881667693124	24.61538462
8.606976013690645	0.08461538462
7.870234877952095	0.04615384615
8.38216915525566	0.0
9.573296151545607	14.08461538
9.53835481651619	77.27692308
9.428247223935834	0.2384615385
9.724553327755729	0.0
9.621004935453103	1.407692308
7.175641240622354	0.2846153846
7.461772076596816	16.25384615
8.266956447762965	4.253846154
8.534961994782748	0.5846153846
8.369201590667803	2.407692308
8.020027979659897	42.92307692
7.8116725638018005	9.692307692
7.911937193825175	6.638461538
8.184513436931681	0.0
8.859532361538584	7.453846154
8.809575355879971	31.06923077
9.028988413345417	3.992307692
9.575984561263988	1.384615385
10.103362710199702	2.338461538
10.303992860529416	0.03846153846
9.082979032495293	0.8769230769
7.96732595917365	0.6846153846
10.643770023400993	1.561538462
10.043118225390842	0.2846153846
8.153519475844723	0.2461538462
9.046741107492707	0.007692307692
8.999509471359108	0.01538461538
8.537670715746215	0.3461538462
8.220664789414231	33.31538462
7.813174929995674	5.761538462
7.694244265738619	0.07692307692
7.691592482855638	0.0
8.064340124040864	2.615384615
8.082256973004993	0.0
8.23826065411176	8.869230769
8.03497272741691	0.1461538462
8.140027481568179	0.0
8.056353143124984	0.0
8.100279706820553	2.630769231
8.387945873140747	9.215384615
8.472339762413945	0.5153846154
8.290911397028449	0.0
8.07651455115669	0.0
7.697884973177408	0.007692307692
6.703934549610159	0.0
6.094997761432462	0.0
5.756014568460996	0.03076923077
7.163781138348508	1.223076923
6.864977916782392	1.769230769
6.124244955442057	17.63846154
5.9245765092700235	0.1615384615
5.846780361694535	0.0
5.349326004309629	0.06153846154
4.857015823524588	0.4076923077
4.722912742431385	0.0
5.167507604748524	0.0
5.5226399440406135	0.4615384615
5.475493631784936	0.02307692308
5.856372763400256	0.6846153846
6.297453593021266	22.8
6.646018199647833	2.938461538
6.8310210111971665	0.05384615385
6.825398458991991	0.0
6.529240194398622	1.023076923
6.656183811327569	3.584615385
6.55832789518861	3.215384615
6.606910728577249	0.4615384615
5.907236283235025	0.0
5.448724326432978	0.0
5.564113009221209	0.0
6.1742026270431305	0.0
5.817761003249692	0.03076923077
5.801534399496478	1.738461538
5.55054393210471	2.138461538
5.129250375716072	6.938461538
4.539482756909991	4.6
3.9410015827461278	0.0
3.963777314397337	0.0
4.172214016857181	0.0
4.453934711310322	0.007692307692
3.8333954781594	0.007692307692
4.07603748274273	0.007692307692
5.492635823180349	0.0
6.225566769123576	0.007692307692
6.360017888395889	0.7461538462
6.177376841787412	0.007692307692
6.230355894337779	0.06923076923
6.326702784858246	0.0
6.01278216995189	0.02307692308
6.206327358430265	0.3923076923
5.142828526298615	0.007692307692
3.7478222880291217	0.3307692308
2.386270127164773	0.0
1.6963688869066549	0.0
1.6336364410604212	0.0
1.052089533366293	0.0
1.3594572744483053	0.0
2.1455587313996736	0.0
2.5617298167505607	0.0
2.5249687939442116	0.0
2.5429489074422147	0.0
2.155353246642558	0.0
1.7035124516946354	0.0
2.1546092224270854	0.0
2.0218865568144353	0.0
2.2072912646394793	0.0
2.2446644550538593	0.0
2.2792823085324447	0.0
2.1098109400489893	5.823076923
2.1063671850932844	0.7769230769
2.012258194215776	0.9538461538
1.8070039059167748	0.5230769231
1.7342210564367013	0.0
1.606139343840499	0.1384615385
1.6048330977016318	0.0
1.528600000326851	0.03846153846
1.2766643108533322	0.0
1.022968868424445	0.7076923077
1.1715629407297343	0.0
0.8746195299738759	0.0
0.9513187870719335	0.0
0.6722093154437077	0.0
0.6096346979609262	1.376923077
0.5769066227033806	0.0
0.5423685158345979	0.0
0.502466575407059	0.0
0.4707910222104257	0.0
0.6098827615279552	1.184615385
0.8072497937947345	0.03846153846
0.5568953846968157	0.0
0.5396974206202243	0.0
0.786816015296143	0.0
0.9596344105927233	0.0
0.8385464257305908	0.0
0.9369900360921086	0.0
1.227308318266516	0.1
1.0098767725962263	8.407692308
0.7957229957230321	23.9
0.6661022900975553	32.80769231
0.6075323176089493	5.661538462
0.6232911800255403	0.0
0.7431638198948449	0.1615384615
0.9013081730451447	0.3923076923
0.9319851455202741	1.623076923
0.9011786472363199	0.2076923077
0.7191955517801247	0.03846153846
0.7330155227191169	0.2076923077
0.8298991628638128	0.03846153846
1.0703733166268878	0.0
0.8745536016701552	0.0
0.6289197257128722	0.0
0.6046051675180042	0.7
0.5566722939721052	0.0
0.5295827535388185	0.0
0.5078640390601388	0.0
0.7907630562673704	0.01538461538
0.7806024391560991	0.007692307692
0.7349067993106955	0.0
0.9331661944763181	0.0
1.3148551121252163	0.0
1.1168437805266227	0.06923076923
2.028644207945789	6.023076923
2.0234741636434226	0.0
2.1059501386265675	0.0
2.4511663865550863	0.007692307692
2.47153523566365	0.4307692308
2.0935123312670902	1.623076923
1.9864803939466662	0.0
2.010474966788628	0.03076923077
1.6542893146289526	0.0
1.6865209297812092	0.0
1.6732993081441658	0.007692307692
1.7853597769938192	0.03846153846
1.7420375560823542	0.03846153846
1.4567045191771575	0.01538461538
1.3526553381432405	0.0
1.36091968409447	0.0
1.3383525589194267	0.0
1.2873779931791485	0.0
1.2421531746542542	0.03076923077
1.3875836872946512	0.6
1.3544287429190764	1.292307692
1.86067986725344	0.2307692308
1.8030561990030853	0.0
1.4143099561150128	0.0
1.3921433953307565	0.0
1.3620537841069553	0.1846153846
1.3640073263187142	0.0
1.6953256880402083	0.0
2.016496751499667	0.08461538462
1.9959169651163204	0.03076923077
2.06853033223986	0.2230769231
1.9084965338397515	1.876923077
1.7306316265674728	4.607692308
1.592757230070156	1.146153846
1.5038868755685817	1.292307692
1.3786204347297382	0.5538461538
1.3022035372354939	1.392307692
1.2627178108465942	1.353846154
1.2385287828057798	0.3461538462
1.2329168856799932	0.8307692308
1.5365373685293253	3.430769231
1.4647890606636942	4.115384615
1.3973620534328361	15.74615385
2.0411707521383042	9.330769231
2.3375268016428343	1.046153846
2.2145793389416752	3.838461538
2.4343286973503417	0.1230769231
2.1515435563040812	0.2923076923
1.9022285169034534	0.02307692308
1.896391697711186	15.34615385
1.5642831952587386	0.6076923077
1.4071963587378145	0.0
1.4558850769778835	0.3384615385
1.3034425231857165	0.4230769231
1.269629294686629	0.02307692308
1.7250034138513715	13.86923077
2.1066666927154896	0.03076923077
2.2261031402722997	0.0
2.1107609069707802	0.0
2.036342003347622	0.0
2.1543008910672614	0.0
2.4619544879510116	0.2384615385
2.6194530433989582	0.06923076923
2.6403078640190376	0.5769230769
2.6558905846544762	0.0
2.9098812060795662	0.0
2.518045323139864	0.0
2.5539815762072444	2.307692308
2.633229561592316	0.07692307692
2.7176858829713084	0.0
2.703168503789172	0.01538461538
2.648509777864471	1.507692308
2.746559816231051	1.807692308
3.057169698188451	2.969230769
3.1239963582899755	1.107692308
3.761296801316042	0.0
3.6104585861572156	11.8
3.2155298166963817	25.72307692
2.7096298105250147	3.692307692
2.0786236891624874	0.1538461538
2.5538267445848706	0.1384615385
2.52029720757452	0.05384615385
2.7783605666105076	20.5
3.1588339727809625	0.007692307692
2.7229514900169467	0.0
3.052835078704442	0.0
2.97832177773732	0.007692307692
3.068600101088805	0.0
3.388452431988237	0.0
3.493094634784408	0.0
3.550517687868138	0.0
4.464787409125044	3.9
5.388850938060968	0.4230769231
5.471116724954601	1.084615385
5.186338376498698	3.715384615
4.751007647875006	0.08461538462
4.422747793395051	8.192307692
4.900350905449846	17.67692308
4.95676986297606	1.8
5.451856670044973	2.215384615
5.618145832474605	7.230769231
5.660762653833382	0.6461538462
6.1150371355080395	0.1846153846
6.122690479250545	1.123076923
6.068826555654031	24.1
6.743396302070433	1.261538462
7.071563923519425	0.9230769231
7.3090989402272415	1.969230769
7.525548720223188	0.1
7.650513489126826	16.42307692
6.617481899216235	3.053846154
5.997844914047574	0.0
6.529402517873692	0.0
6.489870009026849	0.0
6.487369062111471	0.0
6.420562713255032	0.0
6.3306048747133	0.7923076923
6.179211846240967	0.03846153846
6.2745591571262365	0.0
6.534850759639485	0.0
6.7510121865494614	0.0
6.832593967291993	0.0
6.853547513882038	5.461538462
7.018264053188075	53.8
7.286591083931301	0.3230769231
7.207939117049561	9.6
7.520636062682316	6.046153846
7.56088629101739	2.384615385
7.611325771989592	3.069230769
7.394007103566581	9.438461538
7.470803921235296	6.946153846
7.586108195816491	0.0
7.776360964763611	0.0
7.579365528390529	10.89230769
7.7077052936906885	2.307692308
8.014792672996272	9.5
7.9551092447114975	7.953846154
7.6863808171494075	5.307692308
7.209499253751998	15.60769231
7.239507786481072	0.2538461538
6.990659073289336	1.807692308
6.8995474894324955	5.753846154
7.271058308980499	6.261538462
7.6612687928565055	7.9
8.136365130999382	18.95384615
8.139693844394806	16.63846154
8.483796969498387	7.2
8.44252618434057	0.0
8.483836593074866	1.907692308
8.603847416005	1.169230769
8.548675414927846	4.084615385
8.761368447011032	6.230769231
8.660065945660905	5.3
8.933380053015114	5.9
8.851844388788063	20.29230769
9.130716451928649	4.646153846
9.059056381439209	4.176923077
9.121928342231195	24.1
9.24962747088308	22.03076923
9.140931676321788	17.89230769
9.192689723368403	4.476923077
9.341744960828505	14.19230769
9.449729195869336	11.22307692
9.34016201559675	79.45384615
9.448461574393257	21.5
9.730788879997013	14.8
9.42785465085459	19.19230769
9.472459476947527	18.46923077
9.646916090700191	1.715384615
9.600689361741484	8.330769231
9.327474146842858	0.0
8.91542158264712	8.838461538
8.730791032933944	14.06153846
8.718396511834486	0.1846153846
8.878174421843639	2.315384615
9.141003598107666	1.615384615
9.309630218578299	0.0
9.164255645104696	0.0
9.043687428334016	40.14615385
9.151341022942553	6.915384615
9.529583022409053	11.34615385
9.80627945152686	30.16153846
9.683547587697717	6.015384615
9.652982493556173	2.407692308
9.631194521061463	1.107692308
9.121041306872046	0.3076923077
8.57672424547739	0.0
8.889004977071504	0.05384615385
9.202917267697089	0.0
8.616602877918766	0.0
7.736230939042897	0.0
6.470862346310252	0.3846153846
7.99734597941019	31.33846154
9.590759826664467	16.58461538
8.858803487514118	31.33076923
8.178652810296404	21.00769231
8.14888018768443	3.984615385
9.264061107800641	0.03076923077
9.39377704319816	0.0
8.314439144204673	0.0
7.549763720020014	0.5923076923
8.950238719407405	19.23846154
9.280909119113545	4.430769231
9.58661233701223	15.03076923
9.59619857875018	0.1153846154
9.584915515619503	0.0
9.958250851027287	35.33076923
10.059684543042392	34.04615385
10.55399099041026	6.923076923
10.70772380772221	0.0
8.95246429911482	1.092307692
9.107820351177464	6.515384615
9.174945353501887	3.976923077
8.866395897521368	5.138461538
8.51987307048275	0.0
8.217839861491175	16.06923077
7.8614504309381825	1.023076923
7.554915117933449	4.123076923
7.758632910487408	13.33076923
7.508262851741636	19.50769231
7.586450157270638	3.469230769
7.54815913165825	2.846153846
7.187817998536795	17.86923077
6.787896908168094	29.68461538
7.059601099620844	89.62307692
7.400512362504904	0.0
7.6050359454376695	0.0
7.6382777953045125	0.0
7.838566650122542	4.961538462
7.381967196828044	5.107692308
6.759707896730338	10.84615385
6.783444749839574	5.415384615
7.370568093223396	0.0
8.749713787986659	39.96153846
7.886532487820301	5.638461538
7.307557116942505	5.6
7.521001998065088	0.0
7.748384055999944	2.292307692
7.592970732885583	15.04615385
7.310796261076814	4.192307692
7.557483325037471	3.661538462
7.68045825786518	33.73076923
7.488005880966659	38.96153846
7.820215939644534	15.0
7.466400043735257	8.407692308
7.615337409379617	23.33076923
7.5434469227983865	12.22307692
7.4098988215043065	9.984615385
7.5430423627528285	100.4923077
7.03119066231453	79.52307692
6.355468502467942	8.076923077
4.429106586613177	18.46923077
4.75222565663768	0.06923076923
7.582418874577989	0.0
7.374646158373988	3.853846154
6.5481686099622625	0.6692307692
6.119800122480616	0.9692307692
6.369948755357831	0.5153846154
6.622979420724203	0.0
6.278214848270416	0.07692307692
6.428104844606414	0.03076923077
6.419885782742589	0.3538461538
6.049651741379517	0.0
6.568653000087952	0.0
6.230968561402657	0.0
5.556012984572435	0.0
5.827353404955413	0.05384615385
6.53163159377903	0.0
6.374886385741021	0.0
5.463142313702687	0.0
5.1115736406308345	0.0
5.732955811263512	0.0
5.325726252104721	0.0
4.8430110535524395	0.0
4.763719490557523	0.03076923077
5.630949991430892	0.03076923077
3.325227022234639	1.192307692
3.3479628805809467	0.7769230769
5.040904284417569	3.030769231
5.758932978057129	0.07692307692
5.467915040083769	0.0
5.827877751401291	0.6538461538
6.311360469451525	0.007692307692
5.156218007057442	0.1461538462
5.347450294123095	0.1153846154
5.401895002789128	0.9230769231
5.557327305263652	0.0
5.322060238852382	6.038461538
5.0715329760642165	2.923076923
4.355136195238057	0.08461538462
3.9808837113854274	0.05384615385
3.8220310868055747	0.3846153846
3.100740482123791	0.0
2.5976753930124064	0.0
2.282968799515484	0.0
1.7887420987574205	0.0
1.4512641022352906	0.0
1.2740724627919153	0.0
1.5516412765347125	0.3769230769
1.5427256388558197	1.007692308
1.3521245820011671	0.1769230769
1.1691485663343935	0.0
1.1890912122673902	0.0
1.5132030776382615	0.0
1.2252212545911614	0.0
1.4648260204703254	0.0
1.8645673063743344	0.1
1.994041837629441	1.415384615
2.007204190387382	0.0
1.3779964466430092	0.06923076923
1.4357756124581997	0.1
1.4031937115710242	1.330769231
1.5995545047779882	0.7384615385
2.5291955307494054	1.507692308
2.8120948809278685	0.1769230769
1.793487271769144	0.05384615385
1.579428058725528	0.0
1.533505332500643	0.0
1.2707024609638577	0.0
1.247439425916209	0.0
1.0287875406846276	0.0
0.740039217863969	0.0
0.7935153964620869	0.0
0.6148949774668697	0.1
0.7388461819436123	0.0
0.643818856411249	0.0
0.5998253654982664	13.59230769
0.5317457346548213	15.33076923
0.5024978747027644	0.03846153846
0.49148917986636054	1.861538462
0.6380477990370865	0.03846153846
0.5285402206148335	0.0
0.5166511498438995	0.3461538462
0.859758690967054	0.4461538462
0.8078861018170067	1.284615385
0.5732156366087233	0.9076923077
1.1828316860974804	0.2153846154
1.490297653692612	0.3615384615
1.299391595190444	1.761538462
1.385475646431749	3.169230769
1.3825321807504891	0.02307692308
1.264024722927923	0.03846153846
1.0365720750921135	0.0
0.8442861838090474	0.0
0.6894046157504516	0.0
0.6249953267853465	0.0
0.5611088026527726	0.1384615385
0.4739009735071411	0.1615384615
0.46404902072692433	0.0
0.6678766937870839	0.0
0.784325723460154	0.1384615385
0.6006085138333708	0.06923076923
0.6141917422271841	0.2
0.6552857196613875	0.01538461538
0.6793642012535388	0.01538461538
0.6126807187813066	0.02307692308
0.6881533098646853	0.6384615385
0.5523856223453469	2.415384615
0.573617865855665	5.330769231
1.189043264410139	1.253846154
1.1358377914227522	0.06153846154
1.1598759834959633	0.3923076923
1.2465434003338256	0.0
1.6629605514243564	0.0
1.9607487101930379	0.0
2.7327486690296783	0.0
2.388030046605757	0.0
1.8510127135063796	0.0
1.7840199007606303	0.0
1.6231215425594594	0.0
1.4720614853180378	0.0
1.346150079204918	0.01538461538
1.3817343816812246	1.015384615
1.7815708973572746	0.2461538462
1.8688286721875431	0.0
2.121060706056573	0.0
2.115828396134026	0.0
1.7630207371119506	0.2846153846
1.88831115187942	0.0
1.8838946214726064	0.03846153846
1.8916005746695967	0.8153846154
2.0592792260458235	0.1307692308
2.231634624845821	0.3846153846
2.0494032993369813	1.484615385
1.8012847920546347	2.3
2.0907493359929847	0.007692307692
1.9139857310669468	0.8230769231
1.5543776341103452	0.4461538462
1.7068954394006983	0.2384615385
1.425303001303564	0.01538461538
1.6366048795839991	0.1230769231
1.3957647904381525	0.06923076923
1.3239016074978571	0.2230769231
1.2942078990676102	0.01538461538
1.2777201626265535	0.02307692308
1.3004474469636653	0.1076923077
1.4150295069450132	0.7615384615
1.801763604684686	7.938461538
2.0480407810600907	0.0
1.728703057198032	0.0
1.496295131503794	0.0
1.4459801817719522	1.576923077
1.856275490296555	0.6307692308
2.5116569371035915	0.03076923077
2.3335071729432677	0.0
1.9722813352612816	0.3
2.008306824618546	0.6153846154
2.1999520792533382	9.461538462
2.222795237578807	7.030769231
2.3902194989346173	1.146153846
2.4500848959970853	0.0
2.245855326661215	0.0
2.1591118258970896	0.0
2.475139982209501	0.0
2.2014762550628366	0.0
2.1488283424016115	0.4769230769
2.9151438163841266	0.0
3.2536908170430987	0.02307692308
3.5613304291351504	0.0
3.821627442430902	7.053846154
4.09299953670222	0.1076923077
4.458128650449271	0.0
4.311032282740623	0.0
3.934801658426551	0.0
2.948661699401395	0.0
2.203819873071609	0.09230769231
1.813081629794607	17.39230769
1.737195488442436	0.6307692308
1.9078921910556463	0.0
2.1696998115832367	0.0
2.541665636318281	0.0
2.8573163697404538	0.2
3.266168081493439	0.05384615385
3.87161424901468	0.0
4.559621106683957	0.1769230769
4.83097068897846	14.98461538
4.900526714259768	2.784615385
4.494983904113968	0.0
3.633184788337827	0.0
3.2589960476652156	0.0
2.906844341968036	0.007692307692
2.862178082682996	0.02307692308
2.4284301119947402	0.0
2.0820814289098903	0.0
2.223710409006968	0.03076923077
2.952338867189969	33.78461538
3.279105761913322	2.607692308
3.382035743397337	16.46923077
3.386592121721133	0.4230769231
3.8554535735651867	0.1384615385
4.199082506014546	0.2153846154
4.515723511485477	0.0
4.302334408246746	10.66153846
4.261412243967693	22.15384615
3.6112533052425944	1.892307692
2.688544906784375	6.369230769
2.50019823164861	0.6
2.3904314351230926	0.2615384615
2.5435885451767963	0.1307692308
2.5414115792690954	0.3307692308
2.6868362649129516	33.53076923
3.208679599562834	11.58461538
3.8488850500929908	3.946153846
3.860669401411804	41.13846154
4.372462478102761	2.253846154
4.691015721744791	1.192307692
4.890613328287448	0.0
5.317281019532299	0.09230769231
5.516149585564874	3.661538462
5.564737080550746	4.323076923
6.649724169447881	3.646153846
6.769040580875947	0.08461538462
6.625873606663289	0.03846153846
6.879690417105843	0.0
6.582712044370739	0.0
6.41158480995596	0.09230769231
6.863752915623868	0.0
7.106650600491134	26.79230769
6.809313784225953	25.68461538
7.432255508861413	0.08461538462
7.5996944209513835	3.438461538
6.7835915901524055	1.007692308
7.1785833744186895	5.107692308
7.402602089950106	14.89230769
7.394799575096151	0.4153846154
7.624895348562939	2.192307692
7.0206995712565785	5.038461538
6.776345803196535	0.0
7.259998170088919	0.0
7.598444446950541	0.0
7.556853010497355	8.915384615
7.630688715009572	5.138461538
7.512467279474358	12.21538462
7.62122533965583	8.492307692
7.62999413702189	0.0
7.832095687221003	0.0
7.972782025763369	11.28461538
7.811090530090167	1.576923077
7.88492889837223	12.03846154
8.057594459873823	0.4230769231
8.077525118842505	2.492307692
8.150803096542946	1.153846154
8.252505829312627	0.2692307692
8.49641225052394	0.0
8.43164668234176	0.1384615385
8.46379538765752	0.1384615385
8.433883916042255	0.4
8.556852522416577	0.8538461538
8.726038867526373	14.40769231
8.778600707124408	0.0
8.624578204841564	0.0
8.20832054697064	0.0
8.121108722170236	0.0
8.022686088996267	2.115384615
8.119032979516733	0.01538461538
8.669824000554005	0.0
8.84169808943972	0.0
9.011410529094356	0.6461538462
9.538156365662568	20.41538462
9.253000469452214	0.8692307692
9.368769238900533	16.11538462
9.766041543127331	23.7
9.98433515131445	8.315384615
10.230911668826446	0.0
10.037004540620071	21.31538462
9.838574664184222	26.58461538
9.993268103497352	34.33846154
10.541884156454309	36.87692308
10.652487210226262	21.99230769
10.316314793900535	22.56153846
10.045210949577122	44.41538462
9.47073668379879	10.84615385
9.598702855377866	96.36153846
9.66395123184487	4.353846154
9.59212367682628	0.8769230769
9.347818689051566	1.8
9.473055162479628	9.569230769
9.535715686539984	33.19230769
9.543216862429965	49.24615385
9.392631955135053	22.1
9.329451330012013	16.51538462
9.357151872654022	17.76923077
9.31530171755442	19.90769231
9.432582842333538	12.23846154
9.678325932854559	17.36923077
9.717928199174278	17.04615385
9.68246076960002	14.2
9.715977653703597	11.56153846
9.342331989108603	7.438461538
9.082524859736331	13.20769231
9.844354045839156	1.046153846
9.966777578308475	3.115384615
9.631918733488696	0.007692307692
8.990779631627063	0.0
8.272006955393435	25.75384615
7.725745342010255	5.638461538
7.713523300008409	0.0
7.7736352622673675	12.20769231
7.441599014572027	35.73076923
8.968057674829648	35.56153846
10.11546121987488	13.13076923
9.187931897449905	10.90769231
9.819098843916962	0.7538461538
10.455958266547686	7.423076923
10.732207848273612	3.784615385
10.409065928098386	1.530769231
10.193496357551355	0.6769230769
9.90984748913211	22.43076923
10.258353159850806	1.215384615
10.314916314730706	4.369230769
10.438490595774056	43.80769231
10.28919628497016	43.15384615
10.36889161720396	63.15384615
10.293663427004073	0.8769230769
9.926558982240339	0.3615384615
8.23250158370191	2.946153846
8.278213206166399	24.43076923
8.26916371405268	0.2384615385
7.896619851260773	0.0
7.841167155435962	0.5153846154
8.061853494888414	2.861538462
8.506853895354102	2.061538462
8.563644802555945	1.730769231
8.251285489751336	0.2307692308
8.777093679333301	0.9
9.126843663541914	0.0
9.420581560257784	0.0
7.9425961858538345	6.576923077
9.134248943717392	0.1615384615
9.93861453862673	0.0
9.51807853340982	0.5384615385
9.256045824330133	30.21538462
9.011808096744064	39.13076923
8.541135947346312	0.8615384615
8.797139879319111	0.0
8.795565258368129	0.0
8.80471031322512	0.02307692308
9.261334073419475	0.0
9.40994512725754	0.0
9.424940819612882	9.530769231
8.798466436703062	29.16923077
8.357048140739524	34.61538462
8.915057312120503	0.6923076923
9.231249456764136	0.0
8.794473112730739	0.0
8.734355822932086	0.0
8.499456606488167	0.0
7.992085033961785	0.0
7.482671015904991	0.0
7.093797078549864	0.0
7.2734778444299195	0.0
7.165206588188042	0.0
7.042793211341265	0.0
6.7605719570745535	18.00769231
6.514612768224669	0.0
6.188169771266185	0.0
6.465800351172317	0.6
7.469436741361172	0.0
7.296115226534685	0.0
6.05652626541292	3.261538462
5.909962152216885	3.184615385
6.926824825640017	0.5538461538
6.7278545368963965	1.176923077
6.563014631749308	32.43846154
5.960182954333186	1.061538462
5.96025279504887	12.26923077
6.093454439777187	72.73846154
5.852250496318761	15.32307692
5.966480855437458	0.02307692308
5.448204391855909	0.8307692308
5.683663416181799	1.946153846
5.538543815428266	0.06153846154
4.761643414932788	0.1615384615
4.440540985168301	0.0
4.407299509894093	0.0
4.396625700873179	0.0
4.359288221623315	0.0
3.8950466415546514	0.0
3.422426319106239	0.0
3.7181175915482543	0.0
4.043594014644805	0.0
3.9880553706210162	1.084615385
3.6711057164270566	0.1076923077
3.377242789013978	0.3
3.36174980412527	1.661538462
3.6162650217246624	7.023076923
3.4926611062417607	9.530769231
3.4467442070134164	0.9384615385
3.4014853421801616	0.5076923077
3.1034412117777164	0.2384615385
2.8630371484587487	0.01538461538
2.7869190926442475	0.4076923077
3.1014845063392635	0.06923076923
2.9389059753069118	0.6538461538
2.5885379964937267	0.08461538462
2.302888969890394	2.623076923
3.0057542785384452	16.12307692
2.4242708018638064	0.0
2.2190033612011844	0.01538461538
2.143487483857787	0.05384615385
2.091032028568029	0.007692307692
1.7705615365784086	0.05384615385
1.6218972073433968	0.3923076923
1.6776359254555602	0.0
1.6665812805892903	0.0
1.9142129839320443	5.561538462
1.8888841953678188	0.03076923077
1.6422990206038208	0.0
1.4906426118878362	0.0
1.4027109032862022	0.0
1.3799906113449398	0.0
1.8883347928368144	0.3076923077
1.7250630157017048	7.715384615
2.163023738403456	13.56923077
1.4940202720542053	0.7
2.1436411500808528	10.25384615
2.5799263615486563	12.97692308
3.063955318903201	0.2615384615
3.154926222414982	0.0
3.0999218723525948	0.0
2.994819170344073	0.04615384615
2.277152291568302	0.0
2.1749642532295668	0.0
1.5648602344019085	0.0
1.0247872243164542	0.0
1.2046892495794506	0.0
1.0640908154420448	0.7923076923
0.7228276019669102	0.4307692308
0.6769561533115853	0.9307692308
0.7126323558476235	0.0
0.7872035938089241	0.0
0.8766160254744229	0.0
0.9018329357050616	11.34615385
1.0979456653449962	2.330769231
1.4023632813211306	6.230769231
1.7777097629636218	5.261538462
1.524911345030811	0.0
1.5107544072061363	0.0
1.4729515174182648	0.08461538462
1.4052617958862172	0.5230769231
1.3324413206570505	0.1461538462
1.0695099222251336	1.315384615
1.056829045867091	0.1769230769
0.8878558023450793	4.246153846
0.5991151378627317	5.523076923
0.5910329271748109	2.153846154
0.5434773100335342	0.02307692308
0.5920558147961716	0.05384615385
0.5344391389416661	0.1
0.5410246439466384	0.01538461538
0.8382537440186195	1.076923077
1.1770556341548546	0.7461538462
1.483132445774622	0.007692307692
1.2241460904865473	0.0
1.2668882755137636	0.0
0.8662356473507491	0.007692307692
1.0356760495097297	3.261538462
1.3698985863072357	0.0
1.1478267535629603	0.0
1.0306155527423333	0.0
1.1941170800267722	0.0
0.40338599108080686	0.03846153846
0.5796080182997674	0.0
0.6132038165850688	0.04615384615
0.5045216738442466	0.0
0.4659685998731309	0.2923076923
0.4527999206618025	0.03846153846
0.5408458383956392	0.05384615385
0.7088990824066412	0.0
1.19224278496797	0.0
2.1778762531295053	0.06153846154
1.862787741630727	0.02307692308
1.92287240024875	0.0
1.8987055147947918	0.0
2.0356016418156897	0.0
2.099257916342088	0.0
1.9800848490289291	0.007692307692
1.9313287041146001	0.1769230769
1.7535543650171297	0.1307692308
1.4516070626031294	0.1615384615
1.4570221737314473	0.0
1.803362199564293	0.2076923077
2.1694868764810686	0.0
1.6704610613718742	9.6
1.3733614871087179	9.069230769
1.554475527652233	0.0
1.7124244266899877	0.0
1.8755160663891743	0.01538461538
1.4831600823867879	1.230769231
1.3844351113351498	1.438461538
1.4071544043627195	0.3153846154
1.5677207902466712	1.015384615
1.5621678290287564	0.4230769231
1.7639796942569763	0.2538461538
1.5173292571317196	0.06923076923
1.668217501217991	5.692307692
2.3672666265885627	0.1
2.177679800103267	0.0
1.9794049217754073	6.084615385
2.143806303811385	0.1307692308
2.452061746195008	0.3615384615
2.57651673614412	0.1538461538
2.828399483191924	0.8384615385
2.409232322705293	0.3076923077
2.102112811675925	0.7846153846
1.9331041067178218	0.0
2.0304352601968634	0.0
2.136820900358088	0.0
2.0720413473842085	0.0
2.1167473967313426	2.307692308
2.537648338417331	1.353846154
2.9251565942688735	1.676923077
2.4712851742692354	1.407692308
2.604803974094996	2.084615385
2.6212116309550186	0.0
2.5844506081486696	0.0
2.5726782437941695	0.007692307692
2.1738143370836127	0.6846153846
2.217014357553333	0.2
2.339183500002236	0.2307692308
2.4720252028299368	0.03846153846
2.5871368535540498	0.0
2.7085418270280104	0.03076923077
2.8193554851035145	6.3
2.939916542992729	0.0
3.120458538961538	0.01538461538
3.5852212814386837	27.74615385
3.1624911622956815	0.2615384615
3.560700697294689	0.3769230769
2.7801869138120585	15.26923077
2.717708025558164	0.0
2.681144121720515	0.03846153846
2.361214874466742	0.0
2.120854263893408	0.007692307692
1.9085025273219078	0.0
1.9646865944554155	0.007692307692
1.7386572321461387	0.2615384615
1.4922079096443523	1.038461538
1.7050997255523916	0.5076923077
1.8739341200711128	4.284615385
1.9912227367029267	16.5
2.3665733804858045	2.376923077
2.5332336393522876	0.2
2.6588528632102824	0.2
2.590135093002795	0.0
2.4053848401321076	0.0
2.2693148147351017	1.338461538
2.5265520721471972	1.561538462
2.5506223959441914	0.0
2.8817536278339126	0.0
3.0087408639941087	0.0
3.2053450591708685	0.0
3.440955169192785	5.330769231
3.6543542667711177	3.938461538
3.1717447657739495	0.03076923077
3.3235013988304387	41.13076923
3.2307755704461374	11.93846154
2.9486630312863187	11.67692308
2.8925362352045276	7.792307692
3.612368925351764	2.969230769
4.194264412303252	1.084615385
4.667953962603553	0.03846153846
4.949909157248739	11.57692308
4.893927557434328	2.938461538
4.874540474000107	4.192307692
4.848118207913568	0.6615384615
4.64818446171063	0.5384615385
4.451147908593207	0.0
3.9389308346610874	0.0
3.6883075096728035	0.4769230769
4.025429518327685	0.3538461538
4.339603378665851	0.0
4.68643753380537	0.0
4.989084387964814	0.0
5.28806857939493	0.0
6.6442830865635525	0.0
6.923870704879367	33.36923077
6.847369565663702	0.5538461538
6.708890493411049	0.1769230769
6.755164504284547	1.130769231
6.887658751632792	2.592307692
6.796943570026351	0.5384615385
7.0164673404260745	11.01538462
7.030798588690131	0.8076923077
6.858159498401397	13.80769231
6.851684872816318	6.446153846
6.901727785052506	45.81538462
7.551470863520898	42.45384615
7.458353793940275	6.484615385
7.165879523045714	0.0
6.918785568240883	1.553846154
6.910441309194235	1.438461538
6.95176237300792	4.030769231
6.985778048015401	5.3
7.0547460461029186	7.253846154
7.304222243579308	0.0
7.740422047926383	0.0
7.83435522999397	1.746153846
7.490649339568867	0.0
7.490967993036849	0.0
7.712602301583707	2.869230769
7.948312635946127	0.2
7.876685196637318	0.0
7.66263963541417	0.3307692308
7.62953030809723	26.52307692
7.688390631499191	1.176923077
8.089330946805713	0.007692307692
8.149144233870544	0.0
7.914138466632732	0.0
8.150982568036408	0.0
8.296093095323897	7.523076923
8.311905233137434	0.0
8.445426696733042	0.7846153846
8.569224068501104	6.069230769
8.921310511837024	0.0
8.838251504228552	0.0
8.711912896026174	9.2
8.996574329958621	0.5846153846
8.49263269408186	10.04615385
8.612111428984997	5.430769231
8.756235362515296	23.19230769
8.896908382208427	0.05384615385
8.857848193052632	0.0
8.809920314075196	0.0
8.851895666357624	0.0
8.704558560449026	0.3
8.872567519286317	11.69230769
8.97225444422406	3.546153846
9.040408993594458	0.0
9.046191039019241	0.0
9.28482219701922	0.0
9.293976575070676	5.607692308
9.204534508965626	3.1
9.347599593981627	0.6307692308
9.410633045820603	0.0
9.102010336169286	0.0
8.965832761064695	6.023076923
8.434094353860193	7.130769231
8.728088638423866	4.092307692
8.669837985345705	0.1230769231
8.966105131531581	9.546153846
9.35079678374084	13.57692308
9.40051971062412	0.5538461538
9.502527445041318	1.330769231
9.726355035086192	1.353846154
9.852898753566812	5.176923077
10.064940826893565	11.33846154
9.088295584139262	1.938461538
9.204801884864048	30.0
10.58053079534131	6.323076923
10.870799797773543	127.0923077
9.933475127677607	32.65384615
9.401823958935603	5.430769231
9.545957548631598	2.992307692
9.765367276384735	0.0
9.470107701143597	3.946153846
9.620823466132256	15.03846154
9.531568862830209	2.030769231
9.522819377795543	0.0
9.518172431296938	0.7692307692
9.347192370166221	0.04615384615
9.25250500826062	0.09230769231
9.47656201548359	0.0
9.572611562694853	5.446153846
9.688107628705053	12.74615385
9.59377854384391	0.3307692308
9.499312607806866	7.661538462
9.616741571812508	14.24615385
9.66634429608143	10.67692308
9.553411442606789	21.45384615
9.507698821228608	24.2
9.72035356162024	4.992307692
9.613527067549288	0.007692307692
9.50235230217386	0.007692307692
9.277231784839355	6.723076923
8.735710349899435	7.753846154
8.797156194909427	22.45384615
10.113169711863746	45.86923077
10.542937011486451	30.45384615
8.93906919946647	55.61538462
8.718845690024986	4.584615385
9.411273682468877	5.661538462
9.526849328603266	1.338461538
9.234134985451218	2.715384615
8.835006366612086	0.0
8.765961452170227	0.0
8.571716025193247	3.992307692
8.549160886982516	4.223076923
8.688453074981055	19.67692308
8.62518621030921	7.923076923
8.728510845944662	9.838461538
8.58355315245216	0.0
8.402912929970231	0.0
8.662903526490735	0.4769230769
8.66344860039574	4.246153846
8.314355901396945	0.1
8.102940479926769	8.1
8.423230168538003	16.71538462
8.121878551656105	0.2153846154
8.2777683566019	0.02307692308
8.567702389975837	0.0
8.638201056811855	0.0
8.045973763915002	0.0
7.66697458786941	0.0
7.753592059022635	0.0
5.265038582587516	0.0
5.456616410548048	0.0
7.668119009990053	0.0
5.908686872402492	0.0
4.043199027522136	0.0
4.1478537167394665	0.08461538462
5.685204157310036	15.11538462
7.522405804774612	6.915384615
6.844430262122829	3.676923077
6.559555060660135	4.223076923
6.837587536841977	0.1076923077
6.995492317191636	23.82307692
7.080846994951628	24.39230769
7.342546066857942	0.7076923077
7.368205828825692	0.3538461538
7.02305384434474	0.9692307692
6.736969957313837	2.607692308
6.388698365370471	11.47692308
5.949328341933886	8.515384615
5.8419531945172	8.946153846
4.9777281127847415	7.530769231
5.237960737768716	6.007692308
5.054452384346521	0.0
4.474420100349705	0.02307692308
4.209228971848503	0.1
3.812385659431331	0.0
3.1019856280417857	0.0
2.8326591841489774	35.8
2.189496616117094	0.4538461538
2.0431171354685986	2.115384615
2.6315072679004246	3.007692308
3.5456051968128817	4.538461538
4.578362393716493	0.09230769231
5.216834129381404	0.0
5.576800794732294	0.03076923077
5.896613252326825	17.73846154
5.571047468076178	6.523076923
5.258279308221412	1.607692308
5.016967024248728	0.03076923077
4.414624876974152	0.0
4.626289688693605	0.0
5.104433197448143	0.0
5.259679036033357	0.0
5.0734669978375635	0.0
4.430513015471144	0.0
3.8634031784603966	0.0
2.8522169153390404	0.1230769231
2.6295610510557457	1.761538462
2.2446787728167883	7.723076923
1.599978377154939	0.0
1.5019033659460406	0.0
1.594432075361642	0.0
1.9453078353019677	11.13076923
2.508756424711119	6.315384615
2.4925483841040283	0.0
2.3157040336544945	0.0
1.9387105098182982	0.0
1.9863641869870783	0.01538461538
2.0856042645329365	0.007692307692
2.0563360933357946	0.0
1.7886595218921544	0.007692307692
1.5027094892960777	0.01538461538
1.5352880604709442	0.03846153846
1.7544836877226042	0.0
1.6380379877618436	0.01538461538
1.6029338298005116	0.9307692308
1.6913167144200307	0.0
1.867933812004468	0.0
2.0372891400139506	0.0
1.7057393632869728	0.0
1.7300968747706285	0.0
2.072324372930484	0.0
1.9197596186965717	0.0
1.982840019479108	0.0
1.4999711338930597	0.0
0.832766045161963	0.0
0.7149488367010766	0.0
1.4599057045911428	0.0
1.887746599157409	0.0
1.7499962344436066	0.1076923077
0.9565764028080297	0.0
0.810665745652658	0.0
0.8288213349893514	0.04615384615
0.8540978470703235	0.04615384615
0.981875223961473	0.7769230769
1.0983475616207068	1.153846154
0.9629597942758386	1.069230769
0.7088697809383211	0.3153846154
0.6364705143162577	0.007692307692
0.610970578539344	0.0
0.5447572514451595	1.176923077
0.5614997108778628	0.4846153846
0.6104198441234159	0.0
0.4902685073338384	0.0
0.47381473395833495	0.007692307692
0.47488457052325384	0.1923076923