0.8811498910534081	0.2565217391
0.9929439104378814	0.7217391304
1.1170204138205913	9.765217391
1.2890450191465606	2.77826087
1.5985868923523516	0.1347826087
1.359347103416312	0.0
1.896605814298522	0.1304347826
1.8385903705359747	0.1043478261
1.9986663980840764	0.1217391304
2.0719345671528604	0.0
1.9038143092501327	0.0
1.8157450888495528	0.0
1.7955796470446184	0.0
1.9904938701526604	0.0
2.026148958274965	0.0
1.9748038801030683	0.008695652174
1.9334352547543752	0.03043478261
1.8746250864772889	0.1260869565
1.8368668048175532	0.2695652174
1.8749068977852685	0.2043478261
1.9079081934822804	0.01304347826
1.8214317473179524	0.1
1.5171736283113355	0.1043478261
1.2834733574262547	0.0
1.377838026308638	0.2434782609
1.585056624362145	1.239130435
1.5381991903718935	1.652173913
1.6721055603615627	0.8173913043
1.5868414293126838	0.7043478261
1.7020856282405759	0.004347826087
1.7013884431364685	0.2347826087
1.5880102396342757	0.004347826087
1.5830279708855266	0.0
1.5577832751226075	0.0
1.5063051886637582	0.004347826087
1.4779727609393647	0.02608695652
1.3093132652732846	0.7869565217
1.3831447798574308	0.09565217391
1.4780547827163182	0.152173913
1.5952888410371342	0.6086956522
1.7409750345406003	0.2652173913
1.828472596407884	0.4695652174
2.064189605443876	0.02608695652
2.175363473690435	0.1
2.0655820359479065	0.5869565217
1.9149701022176457	0.04782608696
1.8390866577066651	0.03913043478
1.7812493896285142	0.4
1.7620205478442013	1.104347826
1.65158071908126	0.5826086957
1.498500927426841	0.0347826087
1.6344813953911705	0.747826087
1.6262587122515497	0.9608695652
1.5643505592908697	0.3695652174
1.3814738632525945	1.065217391
1.3381998941933122	20.21304348
1.3747018017425456	1.495652174
1.5009421836936085	0.004347826087
1.6108876649900448	0.0347826087
1.610216250241534	0.03043478261
1.6460777783092126	0.1913043478
1.8126238277157425	0.3217391304
1.9547816993072051	0.3782608696
2.223096822670386	0.6304347826
2.4193767360747684	1.286956522
2.409145212151274	2.2
2.576031818192521	0.4130434783
2.4793303599687464	0.152173913
2.390214669160511	1.139130435
2.2238594035155783	0.08695652174
2.0500078739482017	0.2956521739
2.1454621023812015	11.26521739
1.9483277492834503	0.0652173913
1.8036684905954936	1.8
1.844459361197738	0.1347826087
1.9090648113775686	0.1086956522
1.974373819975256	0.0
2.194137870494328	0.04782608696
2.183781235650919	0.1130434783
2.4285802167803623	0.3391304348
2.5532637090225907	12.78695652
2.555974445620735	0.3391304348
2.5148460664903496	32.05652174
2.362477869171125	9.134782609
2.0246811564083287	50.57391304
1.9835666323078343	1.282608696
1.816183461995299	6.047826087
1.7809188086153185	5.804347826
1.8090619766314031	0.3434782609
2.014666186602028	0.1826086957
2.22302643911854	0.01739130435
2.576819615192114	1.347826087
2.9928202128720107	0.3652173913
3.4214883258308104	0.0
3.5973286063887193	0.0
3.6590925284882356	0.01739130435
3.8230845416846866	0.1565217391
3.6557879653089693	0.0
3.3796260457671066	0.0
3.6460682461896425	0.0
3.66983183925723	0.7
3.3684533496631266	0.0
3.3596058046754287	26.56956522
3.2523071882893406	0.0
3.258298241764442	0.1173913043
5.355099414779335	17.48695652
5.450248278353541	0.4956521739
5.45733762004809	8.143478261
5.373591446074053	1.22173913
5.433000428743021	0.0
6.115924342758413	0.0
6.935403916304053	0.05217391304
7.407075686688964	9.082608696
7.43106927325274	0.09130434783
7.2823042150069295	0.4173913043
7.296830936746886	0.4130434783
7.3126894039599515	10.64782609
7.071663424570383	18.52608696
6.636630587980326	7.095652174
6.3439195279853395	1.339130435
6.4807973862356985	1.073913043
6.664653355786659	6.769565217
7.006328645617099	11.02608696
7.006233461561749	0.03043478261
7.099407567725612	1.017391304
7.627147041771016	0.0
7.833593637559004	0.0
7.754800636770945	6.552173913
7.658265993107056	15.75652174
7.3968418074103885	4.030434783
7.408225377069307	1.873913043
7.526722459914973	8.508695652
7.724455350304009	12.38695652
7.4832506410288495	12.5
7.102670981466103	4.6
7.150341705710947	2.656521739
6.930828708333497	1.434782609
7.196681238683878	0.0
7.301492323003364	0.0
7.531693644639809	33.8826087
8.070987659412985	1.926086957
7.841992279578239	12.25652174
8.169845237388373	10.7
8.318341508054301	2.72173913
8.60960527162689	2.630434783
9.282817017514244	3.286956522
9.530403630657727	5.960869565
9.366685947053115	2.42173913
9.594410543546273	5.269565217
10.071267420317536	2.839130435
10.09101915092993	2.760869565
10.197301639423824	5.491304348
10.565202006932259	10.19565217
10.621636868884858	26.14782609
10.493238427477998	29.66086957
10.468017839467088	6.582608696
10.268707692475278	6.17826087
10.143649421674501	2.373913043
10.540610437278394	58.3826087
10.26716368794424	21.23478261
10.338750410585472	10.04782609
10.193319149631996	0.008695652174
10.424467601111782	0.0
10.675503562496889	0.0
10.656748285634245	1.682608696
10.83124241148796	7.917391304
10.915121870849546	13.76521739
10.897785349047727	10.04347826
10.783959628080058	2.834782609
10.796591535932144	0.09565217391
10.626092646497755	0.9608695652
10.807222223266795	3.130434783
10.570264080653178	12.89130435
10.552516895765393	6.013043478
10.594708232789005	6.8
10.528606439380962	22.35217391
10.540453044138834	1.256521739
10.314317896674755	4.708695652
10.17710821045851	0.0
10.201219841876956	0.1434782609
10.247179747030877	11.8173913
10.329720810505009	52.54347826
10.408020572228953	8.743478261
10.424426590223305	0.07391304348
10.811109944654167	0.0
11.184605527433721	0.05217391304
11.616143155633216	0.04782608696
10.396484874341834	60.72173913
9.988711393411123	18.7173913
10.797397344470596	10.7173913
11.143559170080291	0.5782608696
11.146047533448687	0.04347826087
11.149369415415316	0.5608695652
11.479546970140536	7.12173913
11.850257691912033	15.82608696
11.470310653014103	9.865217391
11.426070434170231	12.08695652
11.514346371616783	17.70434783
11.346533141176437	40.04347826
11.226358491311586	15.7173913
11.155910652127384	11.94347826
11.095347545468506	27.87391304
10.87091324147383	44.67391304
10.791393128717097	58.69130435
10.7337395783353	9.295652174
10.626675666155561	2.9
10.781387026129927	18.59565217
10.902344762284207	7.313043478
11.256655562274503	2.147826087
10.856204741741703	0.1434782609
10.39389564635583	2.004347826
10.698482960872655	4.573913043
11.040130817743911	18.9826087
11.066486409803478	1.695652174
11.276796896327426	0.0
11.528092778073287	1.982608696
7.159428388514561	5.213043478
6.840973851680585	11.47391304
7.399901829312082	1.373913043
7.581868804087723	1.634782609
7.465975081358549	7.486956522
7.48065725653388	10.6
7.6345054481460455	31.23478261
7.912923105104436	13.1
7.770976107067913	15.00434783
8.460074030228114	21.29130435
8.127550541841776	17.55217391
8.078045134538785	6.543478261
7.965170977024021	4.939130435
8.251008556690158	2.539130435
8.92105110304028	0.1739130435
8.305613723395371	0.004347826087
7.124387632417616	0.01739130435
8.125065780781151	0.1782608696
8.493832918959558	0.01739130435
7.286916277356996	4.865217391
7.441469412890006	3.643478261
7.672849243368969	9.047826087
7.420046765672777	11.19130435
7.250806467153673	17.75217391
7.0055153553625065	11.68695652
6.777344211255967	2.013043478
6.72244878167454	0.0
6.8962056813877615	0.4217391304
7.100973463203876	0.5217391304
7.074442743566488	0.4739130435
7.058919568076782	0.352173913
7.0889370445365	0.1782608696
6.881873345717173	1.847826087
6.8307523033786115	1.634782609
6.953288404538057	6.243478261
6.7956673497363145	6.182608696
6.885255081412931	0.2652173913
6.99095427314842	0.0
6.599185568546423	0.0
6.254730544068981	0.06086956522
5.817712004594966	0.1347826087
5.396826677576753	0.1304347826
5.567904984361177	3.047826087
5.506719509759604	9.739130435
5.098103331273357	21.54347826
4.920776423326948	9.182608696
4.776957887852768	0.0
4.15461930050044	2.182608696
3.5728693522703123	23.83478261
3.3065776174723913	0.6826086957
3.4519736866499433	0.0
3.7946857483671157	0.2347826087
3.9993576533763853	1.026086957
4.292831813780185	1.660869565
4.811955416256453	11.29130435
5.198662584019939	2.673913043
5.504093981595288	0.08260869565
5.713212658448025	0.0
5.564008118654077	0.5
5.556940667906756	1.760869565
5.394696328180736	7.486956522
5.167411178598141	7.017391304
4.744895963182356	0.8217391304
4.31844893274657	1.308695652
4.089307555534349	0.0
4.1078098395511855	0.0
3.9124816281500054	0.03043478261
3.708675108307718	2.630434783
3.3902966355878426	11.94347826
3.1829259093061344	6.260869565
3.0441758208666245	6.434782609
2.6567509452360056	0.008695652174
2.28386332116806	0.01304347826
2.062642829906862	0.252173913
2.3523243490659156	0.1652173913
2.9739262471601595	0.5869565217
3.196454099041858	0.02173913043
2.8106767250155595	0.008695652174
3.838933310376828	0.004347826087
4.08774359976027	0.1956521739
4.21317259652335	4.908695652
4.670375020145992	0.0
4.858277491891722	0.03043478261
4.471315374259457	6.034782609
4.246344586188617	1.260869565
3.7414684400060683	2.739130435
2.928942013211151	1.147826087
2.266787273928187	0.004347826087
1.942799315256404	0.0
1.4121314420932705	0.03913043478
0.8370124765313283	0.3130434783
0.762802719631162	0.0
1.2585196172910433	0.0
1.71649208832108	0.008695652174
1.8297356209327336	0.03043478261
2.084204581624196	0.0
1.9925477397836797	0.0
1.681994172295259	0.0
1.59454676563618	0.0
1.9379514402975961	0.0
2.0731543639844507	0.0
2.088018594252549	0.04347826087
2.146584914003556	0.03043478261
2.138679511048436	1.782608696
2.1101738954504063	2.0
2.26974698541347	0.8913043478
2.3031165478049807	2.982608696
2.237652917073711	0.1956521739
2.1620706809125574	0.0
2.110003755683347	0.1826086957
1.7442692064474485	0.2130434783
1.404155378485707	0.5347826087
1.207739270137497	0.7086956522
1.1905451780429543	0.08695652174
1.0971168320805944	0.0
1.1223961654182406	0.4782608696
0.9575792237420888	0.547826087
0.8862078082653615	0.8608695652
0.8256998446254507	0.0
0.7998771170154853	0.0
0.7814937091551117	0.0
0.7878293372235992	0.1391304348
0.835120433649434	2.260869565
0.9322056762011846	0.3043478261
0.7766549785160319	0.1826086957
0.8718531659966491	0.0
1.1584879640827048	0.1565217391
1.3315821777162475	0.1391304348
1.2214003296098737	0.0
1.2818614632487533	0.0
1.3792562271682653	0.5565217391
1.359227673058653	6.165217391
1.0168781974737242	29.26086957
0.6967236484721409	22.7173913
0.595248024048578	5.004347826
0.6917826677124665	0.2608695652
0.7964130824421751	0.6695652174
0.8634572949833927	1.008695652
0.8981580486468159	2.22173913
1.012506104241368	0.6130434783
1.0683210921566504	0.2869565217
1.1297044165850654	0.2260869565
1.1248595897328335	0.6782608696
1.1863193939262455	0.2260869565
1.117367897970254	0.1956521739
0.8592492453049441	0.0
0.9023056903949405	0.8956521739
0.814040559871704	0.02608695652
0.758604368473637	0.0652173913
0.8097219470547263	0.0
1.0970930014291818	0.0
1.1915685105506921	0.0
1.3863472314664018	0.01304347826
1.5437558886599172	0.03043478261
1.8233515002596286	0.6913043478
1.6704917264798764	0.2565217391
2.128216469575465	22.35217391
1.972823996331666	0.0
1.9297916589936799	0.0
2.17815027440268	0.02608695652
2.215215527467276	1.339130435
1.7607361865733195	0.3173913043
1.636565191886754	0.0
1.688965469135138	0.4173913043
1.6400433585905523	0.0
1.5940175034943498	0.0
1.5577821667202163	0.02173913043
1.6004243464164758	0.2913043478
1.5975921012061889	0.1
1.5534832280456836	0.004347826087
1.5281257523394531	0.0
1.5280947170724977	0.01304347826
1.5660996182642903	0.02173913043
1.5503952189836117	0.04347826087
1.5461012681198398	0.02173913043
1.6440718470816154	0.7086956522
1.6789449573168809	0.3608695652
1.851233085311374	0.4739130435
1.8679588773956062	0.6913043478
1.7572164547798486	0.0
1.683904503816609	0.0
1.6573189182608536	1.247826087
1.6230692843706764	0.02173913043
1.8348378742403373	0.0
2.2558756065873506	0.05217391304
2.098541489454648	0.1
2.082461618863927	0.1260869565
2.018237459106693	0.4826086957
1.9573157842742415	2.086956522
1.8441999950381813	3.860869565
1.7619061052973026	1.1
1.592443017897554	0.5608695652
1.4981282271227774	1.404347826
1.4691060960104174	0.547826087
1.4491155046827053	0.247826087
1.4732318468113141	0.9782608696
1.7516816474390522	3.365217391
1.793020623023779	7.047826087
1.7780752022805206	12.8826087
2.175795473522432	15.30869565
2.400562298234491	0.6086956522
2.2899005118926983	4.004347826
2.2720372218544274	3.439130435
2.082474365491427	0.05217391304
1.9460904390566762	0.0347826087
1.8941886657837648	6.026086957
1.716855367204818	1.408695652
1.5954872450651711	0.06086956522
1.5270026636165008	3.382608696
1.4842291382368762	0.6695652174
1.539588018568152	0.04782608696
1.598824090464083	22.34782609
1.7815070931844836	0.452173913
1.9022304022330108	0.0
1.917118186051923	0.1043478261
1.800562747095161	0.1217391304
1.8913866245386393	0.03043478261
2.0751350790576466	0.1347826087
1.9630927775375295	0.07391304348
2.1145382298660236	1.234782609
2.218091831672616	0.03043478261
2.232844667500391	0.0
2.1137950460626787	0.0
2.143052989783781	9.8
2.174286660767318	0.3608695652
2.302307414059355	0.03913043478
2.271817758180956	0.1173913043
2.153323169240671	0.05217391304
2.204528311610671	7.473913043
2.455894299807779	7.973913043
2.4496132605570615	2.939130435
2.5371778807690166	0.0
2.4054863758576985	6.182608696
2.360400168888693	3.973913043
2.202740181452958	4.139130435
2.011411085879472	1.508695652
2.4702108407442913	0.3043478261
2.4581579345913456	2.252173913
2.667431510678263	2.4
2.6728834649403117	0.1782608696
2.1165721482540003	0.0
2.324458558748246	0.0
2.3638683599709704	0.1565217391
2.5360396900634834	0.02608695652
2.834040323370198	0.02608695652
2.97881818111402	2.117391304
3.0541927303771104	0.0
3.294645804280692	1.930434783
3.5356225983141467	1.595652174
3.513614576084029	5.808695652
3.13151959190212	6.97826087
2.8487356608239263	4.526086957
2.5614935967777543	3.326086957
2.9269215342021684	31.78695652
3.2104231558287077	0.7695652174
5.473862722024354	0.6695652174
5.642793429900546	21.14782609
6.048796861487552	1.2
6.586858887002833	0.8869565217
6.606787407796634	4.42173913
6.442386255567507	13.09565217
7.132750805560329	23.38695652
7.439592056339797	2.343478261
7.79125155781018	0.5434782609
7.7165280564016605	6.191304348
7.391286771725952	6.434782609
6.563669584924222	3.495652174
6.288621609785583	0.0
6.505158131091582	0.0
6.4538194262334345	0.0
6.332769692680679	0.0
6.123744398729406	0.008695652174
6.349763718143598	0.0
6.334423013397554	0.0
6.361891857108851	0.0
6.514609062631026	0.0
6.7632802475143645	0.0
7.0218720494504465	0.0
7.218037935958828	13.34347826
7.276906849562651	28.37391304
7.679609666653908	18.42173913
7.836218334421527	9.226086957
8.00646395390951	5.447826087
8.257025241970558	2.047826087
8.276156544344438	1.804347826
7.918225147943067	5.660869565
8.104969337025073	14.20434783
8.217127466595077	13.17391304
8.518918281878733	8.773913043
8.321004167698725	20.36086957
7.896339188526287	6.739130435
8.199958867755534	6.195652174
8.365809671762142	12.91304348
8.154120332663457	5.265217391
7.6939266232413175	9.543478261
7.53785747033765	11.45217391
7.528134010360253	6.369565217
7.620315680733034	3.02173913
7.736119622868516	16.2173913
8.050243631559809	4.365217391
8.389448015359516	16.43478261
8.686167335501924	17.37826087
9.029018917370097	14.3
9.347684604859609	1.752173913
9.588518276434293	5.869565217
9.802856143046913	22.3826087
9.815845510670181	15.06086957
10.022343092968168	3.691304348
10.007126390739646	4.947826087
9.858069545564334	12.43043478
9.950973617195626	15.54347826
10.13808357906675	16.54782609
10.396953728553338	21.38695652
10.450630331155267	23.84347826
10.619441677948952	17.55217391
10.586364179587541	17.26521739
10.556241127800053	5.286956522
10.828477501722942	15.88695652
10.887261068342639	13.15652174
10.87384773680471	30.90869565
10.754310418314839	25.72608696
10.930901087291637	18.14782609
10.886465235425707	15.43478261
10.805527476010546	13.16956522
11.04008648164826	3.82173913
11.060725488374864	5.365217391
10.814958871957844	7.339130435
10.400929013729622	12.41304348
10.476031588755955	4.786956522
10.666324328093605	2.052173913
10.850296402795049	7.1
10.958122341618784	0.2391304348
11.051784560485702	0.2434782609
11.47773916584038	4.634782609
11.308860760702023	12.04347826
10.960626222620657	10.15217391
11.241142916607513	12.40434783
11.506716129555294	31.25217391
11.21654746754528	42.47391304
11.147587104370157	7.604347826
11.378326001166368	0.9434782609
11.194527945640353	0.3869565217
10.838233105369685	2.343478261
10.896453049373422	6.643478261
10.970789718347389	2.108695652
10.650577255320862	9.82173913
10.460446342732336	13.2173913
9.508566440946163	16.08695652
9.496517552751886	31.62608696
10.252436345371464	20.42173913
10.222130961390615	27.72608696
9.906536656927305	2.8
9.984738879240819	5.856521739
10.584284816701523	1.008695652
11.229328455518989	0.0
10.577409396668486	0.0
10.411962605333496	5.095652174
10.90931661332528	34.8826087
11.029217487799489	27.7173913
11.102370937220776	8.304347826
11.251787458972053	3.195652174
11.404473767777572	6.626086957
11.634408518638919	44.97826087
11.62796648394087	23.37826087
11.749161418206882	0.1
11.552271467836405	3.743478261
7.858145304726783	2.282608696
7.619124425263019	4.060869565
8.05695833324611	8.67826087
7.998421940359666	2.52173913
7.92453084914699	4.647826087
7.807715766930073	12.51304348
7.526397975114929	4.308695652
7.299824454505103	17.9
7.37843373759681	21.52608696
7.416311449614204	12.36086957
7.600422905916352	7.160869565
7.429719516240774	0.9913043478
7.116156913360658	5.360869565
6.74106481548678	25.86086957
7.02488247034513	34.9
7.113078325718912	0.4565217391
7.111475021659944	0.0
7.256271999345015	0.0
7.90040065198849	2.152173913
8.167114965198081	3.62173913
7.0155217350502745	5.547826087
6.669954844424093	9.617391304
7.109790250025216	1.173913043
7.7958120794490515	23.29565217
7.570130822764197	7.613043478
6.373544768548848	0.8434782609
6.622311276037835	0.01739130435
7.0398544927457785	7.243478261
7.065542272364607	23.73913043
6.875028683850497	2.37826087
6.889056347413785	1.830434783
7.045410082631411	18.40434783
6.792872097455836	12.04782609
7.04030367281484	7.952173913
6.912356766832121	19.77826087
7.103232110176682	61.68695652
7.140971548995766	15.56956522
6.910860007953013	16.06086957
6.7619043044959035	24.07826087
6.3713540112225076	43.0173913
6.171052675392305	12.31304348
5.668398979916973	4.760869565
4.875349382622628	0.4913043478
5.197716562578992	0.0
5.519894534783409	12.47826087
5.552839579059064	1.856521739
5.575586767133859	4.656521739
5.819413956466759	0.2826086957
5.904196209576034	0.03913043478
5.716226127449285	0.152173913
5.76010140480583	0.06086956522
6.137411831515532	0.2217391304
5.479976531064288	0.09565217391
5.626927688796789	0.004347826087
5.412702047926285	0.06956521739
5.206133216137085	0.0
5.101092969623204	0.01304347826
5.263531279767696	0.5086956522
5.331819431530088	0.9782608696
4.869086354910769	0.1173913043
4.3428143883126165	0.0
4.724391348080845	0.0
4.944048994135204	0.0
4.695829481061459	0.0347826087
3.9563674353292675	1.656521739
4.671921795683007	0.03913043478
4.437238096941122	0.6826086957
3.648728827579582	1.182608696
3.4440843555294967	3.604347826
3.6733226140382294	0.3086956522
3.702824821936307	0.07391304348
3.8082419252632183	0.02173913043
4.362857628753913	0.0
3.6362879805896924	1.456521739
3.379421545525918	6.239130435
3.230122375877815	0.6913043478
3.3180591421926384	0.06086956522
3.2283063971100217	1.508695652
2.87547503721147	5.491304348
2.2839001755475694	3.730434783
2.207873470027517	0.8913043478
2.2400429097298824	0.3869565217
1.998286770265067	0.4434782609
1.9787351062842973	2.956521739
1.7551548263320904	1.273913043
1.3382966023019502	0.09130434783
1.0184942481601924	0.0
1.1329733723375122	0.004347826087
1.2137426545892018	0.1913043478
1.3453540774277508	0.03043478261
0.9159440276182957	0.1434782609
0.6479425821318436	0.5217391304
0.860080547098395	0.1391304348
1.2942301255329114	0.2130434783
1.2178379243243387	0.0
1.1599499468367873	0.0
1.6000186711412718	0.004347826087
1.7887299973671809	1.213043478
1.8769399848714516	0.08260869565
1.7814511188637248	0.09565217391
1.6500951827763628	0.1739130435
1.5456656659800716	3.065217391
1.6456757053417803	2.913043478
1.8788190040252486	5.282608696
2.153705290965061	2.230434783
1.6623815461829694	1.334782609
1.5313201680310873	0.2608695652
1.431596650687521	0.0
1.3419928471762308	0.0
1.0968724293533199	0.0
0.9653333297708007	0.0
0.7809467125750214	0.0
0.8023424810342625	0.01304347826
0.7874247703507864	0.1086956522
0.9139353253847204	0.0
0.9026642585685156	0.08695652174
0.9153546346467389	7.056521739
0.7962595687109846	12.99565217
0.6873562627629379	1.569565217
0.7215019839289343	2.356521739
0.7788144234748198	0.5130434783
0.6939969785896221	0.004347826087
0.7361996767377437	0.08260869565
0.8227930593543507	0.5217391304
0.8575218001781533	1.652173913
0.7301602692083229	1.134782609
1.07026578415213	2.869565217
1.386146610633582	1.026086957
1.2909099061698686	4.356521739
1.2878274391197526	3.291304348
1.265691257863144	0.3130434783
1.2103412447509982	0.02173913043
1.17046480612155	0.0
0.808502150223136	0.0
0.6439603694406166	0.004347826087
0.4803621161936631	0.1173913043
0.3679609693993733	0.3913043478
0.23413745248845164	0.01739130435
0.3132480105616091	0.0
0.5574437436896051	0.0
0.7185530793669659	0.02173913043
0.5600160685391398	0.09565217391
0.6773055469795191	0.8
0.7288623300081483	0.03913043478
0.9217370927162571	0.7739130435
0.9345457907497488	0.1260869565
0.9413092621412655	1.539130435
0.7513168998516484	5.060869565
0.7933735659847208	6.908695652
1.2689579968108085	1.091304348
1.4484543426563143	0.4739130435
1.481332882788493	0.3043478261
1.4112752012460161	0.0
1.5475216857842495	0.1652173913
1.8375124492104669	0.0
2.228136451242883	0.0
1.9209518728227208	0.0
1.798882409069999	0.0
1.615907342319499	0.0
1.4211987278550375	0.0
1.312531511616331	0.0
1.3573835685801812	0.2695652174
1.3788322632536056	0.447826087
1.5323304768107278	0.0652173913
1.6110409016206373	0.0
1.9499820398524177	0.0
2.0561819523681617	0.004347826087
1.911374721960971	0.07826086957
1.925025805811826	0.01739130435
1.8850759355239557	0.004347826087
1.864333293173769	0.6260869565
1.937802914377166	0.2913043478
1.9223634232680005	0.1304347826
1.8295469154256203	4.226086957
1.7504748743355596	1.047826087
1.843398065908099	0.07826086957
1.7542002147726108	1.139130435
1.6449001007684907	0.347826087
1.6031590522163315	3.482608696
1.5563326534930355	0.4260869565
1.5241587801811054	0.08260869565
1.4442584854041698	0.2956521739
1.4458980896414526	0.9304347826
1.448943702312059	0.7304347826
1.4621292571585816	0.07826086957
1.4648642400590353	0.0347826087
1.4631193375945815	0.4739130435
1.5366743057821064	6.256521739
1.645639682264064	0.008695652174
1.605901793933524	0.0
1.5727029255102685	0.0
1.5606418448896875	0.5565217391
1.6829274471087063	0.8826086957
1.9917000890549579	2.617391304
2.015774588993296	0.08695652174
1.9664299000370393	0.2826086957
1.9503140063686022	0.4608695652
2.1400655682387164	16.65217391
2.1786981022845646	5.495652174
2.1863588254118125	2.952173913
2.0946770445174927	0.004347826087
2.013421450716634	0.0
1.9195497437977669	0.04347826087
1.9277485962859755	0.1043478261
1.8322802357224868	0.4086956522
1.849358499767142	0.3347826087
2.3230115394264454	0.2565217391
2.5878548693995773	1.069565217
2.6968888282794943	0.4347826087
2.736746839719188	0.004347826087
2.8888811641338554	0.004347826087
3.067265782380919	0.0
2.818913263185071	0.004347826087
2.569682057993545	0.0
2.277181871553497	0.0
1.8685427283552065	0.05217391304
1.7717423452180117	8.208695652
1.6932139755008677	2.0
1.7438058942478984	0.0
1.963007430553402	0.0
2.41670077560165	0.008695652174
2.8025906524706623	0.2391304348
2.9038335123920587	0.004347826087
2.8797953126320346	0.02173913043
3.1243342348504273	0.008695652174
3.403157428533724	10.54782609
3.307555505482087	2.960869565
2.8892689664205	0.06956521739
2.590728818249836	0.0
2.4299277569875466	0.0652173913
2.3497464822044245	0.1652173913
2.402678792600617	1.27826087
2.300305916441323	0.2173913043
2.1874603002881345	0.07826086957
2.393725395184553	3.452173913
2.8254589335067033	33.73043478
2.7173384367474895	0.247826087
2.653261971608892	1.413043478
2.6465906361661498	2.182608696
2.869589281963539	1.491304348
3.0188226402196605	5.708695652
3.3201937866479216	0.1173913043
3.3998239083419857	9.52173913
3.3528011838451364	13.56521739
2.7880758460564117	4.943478261
2.3187788277947914	9.334782609
2.355048802143652	3.256521739
2.5555351026228963	0.0
2.6206353159201288	0.2347826087
2.5975926000577623	5.92173913
2.7030399073498357	20.86521739
2.890142526055118	7.586956522
3.025397267553765	3.073913043
2.7877859988310956	19.03478261
4.803029451799572	0.1565217391
5.003016261132465	0.9217391304
5.371949209381091	0.0
5.714825245377021	0.2304347826
5.834365750523767	0.0
6.015679322089756	1.526086957
7.266389773473106	0.6695652174
7.426732094695709	1.134782609
7.254021665390143	0.0
7.362489923399616	0.0
7.06255124851177	0.3173913043
6.836781181085315	0.05217391304
7.072480317132748	0.008695652174
7.467001184872265	6.382608696
7.286907687238463	21.74347826
7.394647447776276	0.5086956522
7.632304160996988	0.6782608696
7.427795606790131	1.208695652
7.528490361729045	8.456521739
7.786928788484236	8.091304348
7.744083494049776	5.452173913
7.999617629439246	15.29565217
7.695873532041579	13.22173913
7.4711549228335405	0.0
7.546560923014483	0.3956521739
7.719846336060519	1.452173913
8.019989234088957	3.569565217
8.075322898265831	4.360869565
7.909617294972481	17.85652174
8.28242178886108	5.37826087
8.651058135557319	2.852173913
8.843297229494034	12.36521739
9.089700900185438	9.22173913
9.07290971236012	4.669565217
9.14952303984575	8.482608696
9.316447331568302	7.639130435
9.377507279599063	0.8304347826
9.318654437829913	3.413043478
9.546947644749793	2.082608696
9.801288307864464	0.2217391304
10.01148241213733	3.569565217
10.236785149405566	11.78695652
10.321389503931044	13.96086957
10.106035786526826	35.22173913
10.18121040770859	45.10869565
10.077675094541455	0.0347826087
9.958310132623428	0.0
9.680654225208436	0.03913043478
9.595763348664814	0.04782608696
9.680178720582582	0.008695652174
9.292472033643982	0.07826086957
9.324151559489406	0.0
9.574256462865849	0.0
9.801870773321076	2.939130435
10.278937692345483	6.191304348
10.630017499365234	13.53913043
10.808766227797829	6.326086957
10.971584997063124	12.16521739
11.117233504885288	4.256521739
11.34059487536522	0.2391304348
11.159858227243884	6.565217391
10.89153839317054	32.4173913
10.957721099953144	37.21304348
11.246339107017777	23.43478261
11.345251828012131	7.5
11.194725241265997	15.03478261
11.204595564560238	58.45652174
11.391763717556904	18.55652174
11.655523584192572	45.84782609
11.649688954004937	13.74347826
11.451974906456552	4.1
11.489606830243684	7.639130435
11.332573367259613	4.169565217
11.299005400840066	7.22173913
11.531615280872735	20.8
11.510772882307336	31.04782609
11.510438144785173	29.5173913
11.512715911699228	12.79565217
11.492042544498496	31.24347826
11.471015042733752	12.3173913
11.515966301711622	8.195652174
11.688877074749408	9.634782609
11.81028537647574	23.02173913
11.937375903060904	9.060869565
11.469945988627375	3.37826087
10.988809570223427	2.739130435
11.1374141872231	7.243478261
11.335107175126051	0.8260869565
11.516205162426939	2.030434783
11.433415816817163	4.673913043
10.59318307109862	11.2173913
10.208050925814337	1.391304348
9.719303108189553	0.5434782609
10.028273045761452	27.0
10.175938291734525	39.22173913
9.961942367259612	29.80434783
10.831159281308615	9.086956522
10.859403591042902	2.260869565
11.27752899610686	0.7652173913
11.622713765008651	6.608695652
11.937122078913305	3.004347826
11.791180952859847	6.834782609
11.76577969525916	5.647826087
11.594385216692627	13.83913043
11.483198047617373	6.382608696
11.32144168204411	5.469565217
11.566360924833006	21.0
11.313329839143616	70.8
11.382757948127853	37.02173913
11.644077112697948	8.52173913
11.116626654576066	1.795652174
7.666249815531359	28.72608696
7.765812060326995	21.97391304
7.889136235586633	2.17826087
7.760040609075664	0.0
7.308820525413231	0.0
7.254622696586808	13.25652174
7.486853225901068	0.8173913043
7.679569209966628	2.473913043
7.419317159798725	0.7782608696
7.740662687169726	0.5391304348
8.382649906393272	0.1826086957
8.397614447077778	0.6043478261
7.067893193836486	14.89130435
6.814953274243778	2.047826087
7.457275785190682	0.0
7.666109325528266	9.565217391
7.731779119104312	45.76956522
7.724421821131673	32.59130435
7.502182985173498	0.4304347826
7.652225200074647	0.0
7.701683777376607	0.0
7.583326907433436	0.004347826087
8.023967844472413	0.3826086957
8.088307832279535	0.0
8.371816658521617	6.113043478
8.006738837702546	28.67826087
7.367331425044675	5.373913043
7.643050676381526	2.426086957
8.549479429711369	0.0
7.747588262410964	0.347826087
7.459348774762951	0.2347826087
7.690502768254691	0.7565217391
7.507348140316806	0.02608695652
7.138292817516669	0.03043478261
6.312966559907391	0.0
5.827570412563501	0.03043478261
5.5085289766633485	0.01739130435
5.06111317247077	0.8130434783
4.822343917668611	13.74782609
4.767902794517305	0.3347826087
4.285318785271573	0.2347826087
4.451089524524199	0.02608695652
5.5727150350883825	1.495652174
6.41094434348471	3.817391304
5.457915998270884	4.791304348
5.13315572559541	10.7
5.885019878355007	2.2
5.930191016657243	5.786956522
5.3888492284662	1.986956522
5.003817358960753	2.539130435
4.88696987329268	8.139130435
5.268863526571487	33.89130435
5.159953570209093	3.052173913
4.9632642579902235	0.1782608696
4.270689813411022	2.960869565
4.115773953195468	3.37826087
3.747964924971588	2.295652174
3.1408648095634972	0.4434782609
2.4459721587017467	0.0
2.084242821506695	0.0
2.0114800839283284	0.0
2.0862842216108124	0.0
2.0959489362614723	0.0
2.205860611284975	0.0
2.4627152695733425	0.02608695652
2.6239211748090425	0.4739130435
2.6263011918436923	0.147826087
2.162474139382979	4.282608696
2.228376143259995	1.330434783
2.445049413711016	5.947826087
2.434865689640645	17.38695652
2.2125797465808406	4.313043478
2.1843842065517687	2.747826087
2.111421956542974	7.708695652
1.8610033752898025	4.5
1.7430485783140646	2.708695652
1.757670068458475	0.5347826087
2.0531427130113054	0.7
2.259151212754145	0.8347826087
2.4357005937418674	0.6
2.1843454124680743	2.569565217
2.4198368616174437	1.295652174
2.227391881936549	0.09130434783
1.9520794142772941	0.0
1.9967150556742492	0.1043478261
1.9974305294178127	0.0
1.8373470201535702	0.2652173913
1.656035388291765	0.5043478261
1.5695231961503189	0.01304347826
1.5367951216427547	0.2565217391
1.7570438211074086	1.77826087
1.694343160436972	0.3130434783
1.5120367374290042	0.03043478261
1.3517129819464544	0.008695652174
1.1439379658925315	0.008695652174
1.1527170670325688	0.06086956522
1.5790853835797871	0.1130434783
1.4298426039033396	16.99130435
1.6403897343378238	10.74347826
1.4633116454094668	1.808695652
1.6690973562716613	5.856521739
1.7161900486694597	10.63043478
1.5964027854403584	0.5739130435
1.4173938595464124	0.08260869565
1.2896036539517595	0.08260869565
1.4896855261084898	0.2565217391
1.3685673487080736	0.004347826087
1.384358757576467	0.0
1.1833837901929725	0.0
1.0593347197694465	0.01304347826
1.204102878992345	0.0347826087
1.1918880075399754	0.01739130435
1.0470076225749607	0.2
1.1274967561222575	0.5304347826
1.0935982086895142	0.02608695652
1.2085051761898633	0.0347826087
1.3162338527037636	0.2043478261
1.2942159934024229	1.347826087
1.3023447394393837	4.126086957
1.451915329123048	7.286956522
1.663847408345421	0.3
1.5842768632798876	0.08695652174
1.546732226181069	0.1217391304
1.392363085445008	1.034782609
1.3840694645523461	3.034782609
1.512395859803775	1.186956522
1.2263296721444394	1.22173913
1.119500464171053	0.5739130435
0.9485041791635829	3.947826087
0.8599043111181834	6.752173913
0.7203071261511473	4.82173913
0.7146293349018777	0.4869565217
0.8113535153746727	0.3869565217
0.799350625879633	0.004347826087
0.7663052711875684	0.3
0.9497583364693027	0.7391304348
1.1651613777799308	2.017391304
1.33267727927882	0.2
1.2333400401686112	0.02173913043
1.2391876940843427	0.004347826087
1.0904553337090745	0.5956521739
1.1091768042987842	4.682608696
1.158849857463454	0.1695652174
1.080980155867321	0.0
0.9384867154519019	0.01304347826
0.8208173320919157	0.0347826087
0.6172096319285618	0.2869565217
0.5552651787895684	0.004347826087
0.6280819509845088	0.0
0.5782678536155501	0.07826086957
0.5178679592087878	0.4782608696
0.6462373050528782	0.04347826087
0.7659605580438837	0.3130434783
0.862323122236528	0.0
1.1718054188137885	0.0
1.9725976051432492	0.008695652174
1.9397320887391678	0.02608695652
1.8719106090210738	0.01304347826
1.7989389375919536	0.0
1.8156528143504795	0.09130434783
1.8496220224356663	0.0
1.7643850472453733	0.0
1.7039785024242637	0.1130434783
1.70056822536693	0.2739130435
1.598064003524271	0.4173913043
1.577631436743041	0.0347826087
1.736835151609215	0.3391304348
1.9055065626010008	0.5260869565
1.7317317898992197	19.31304348
1.6236866645026127	26.89130435
1.645455133265918	0.02173913043
1.6858128956337746	0.1565217391
1.752189295734253	0.004347826087
1.6290130921938504	0.4086956522
1.5551946013378015	2.186956522
1.5557909218243036	0.2608695652
1.6607053646667747	0.8608695652
1.6715954181609813	0.4782608696
1.6952833627653652	0.3043478261
1.648952142810368	0.1608695652
1.702677515117513	1.082608696
1.9411331093617306	0.1304347826
1.9595622388207437	0.03913043478
1.848745553244771	6.056521739
1.9401541129496431	3.982608696
2.132323100435112	4.360869565
2.1928551718270333	4.586956522
2.2524304148546923	1.060869565
2.098996765736861	0.5130434783
2.003777241510212	0.2217391304
1.9618436080425705	0.02608695652
1.9886558618873407	0.0
1.989475525455683	0.05652173913
1.8973140834265423	1.482608696
1.8256467245113464	1.069565217
2.0127364580388307	0.6130434783
2.485778906530844	3.660869565
2.2205887851595443	2.104347826
2.046785471096188	1.552173913
2.142277939411687	0.1086956522
2.144869661303069	0.01739130435
2.1834065956426705	0.004347826087
1.9411192543318396	3.982608696
1.8286402422695631	0.8826086957
1.823022304749422	0.3391304348
1.9974709861050939	0.247826087
2.062126868593727	0.0347826087
2.105498099962843	0.02173913043
2.175993600449871	10.96956522
2.2849661815473716	0.0
2.260139630586558	0.008695652174
2.6400052019087306	15.66521739
2.457167438504449	2.656521739
2.479781202641395	4.039130435
2.1706993164279798	19.86086957
2.0788202399080142	0.1826086957
2.0771382392792654	0.1304347826
1.8912882538264144	0.004347826087
1.7778892677793854	2.073913043
1.6498081065570247	0.008695652174
1.6725550175312218	0.0
1.6251733092099006	0.07391304348
1.4997883368042988	3.991304348
1.5237298284556848	0.7304347826
1.6135109763495779	10.06521739
1.7421316524358885	10.11304348
2.0744179427104963	6.056521739
2.3992197458380677	0.09130434783
2.4717926695069297	0.5869565217
2.3674274400493314	0.0
2.3030988133667205	0.0
2.2455979454143193	0.0
2.3035144642634457	0.08695652174
2.3124035743408164	0.004347826087
2.4975170264046698	0.7086956522
2.639308293905221	0.0
2.6302798022271485	0.02173913043
2.4340866213098824	1.513043478
2.59647837855394	8.595652174
2.5339960731545834	1.956521739
2.526379824673285	25.03913043
2.557841826549424	3.92173913
2.3261713175433525	0.1173913043
2.356506351288169	1.065217391
2.804345807657235	15.19565217
3.0991930361607922	1.173913043
3.358929956317353	0.2782608696
3.507959645634079	8.126086957
3.3884273149549693	13.50434783
3.4855431771227785	2.539130435
3.324372048012105	6.034782609
3.270771509524276	0.4434782609
3.0660152273829713	0.03913043478
2.8651269924865934	0.03913043478
4.723686404159999	8.604347826
5.0217575444149185	0.08260869565
5.4164140875346405	0.0
5.4246608784262715	0.0
5.551360693168515	0.0
5.627761345945322	0.0
6.864721927114694	0.752173913
7.05878766819222	3.047826087
7.212414733527328	2.0
7.2616502448480444	0.09565217391
7.4625082757792605	1.560869565
7.641209342909031	10.54782609
7.661366194595433	2.547826087
7.786707662207178	21.82173913
7.80514316497994	22.94782609
7.4246070102110515	25.00869565
7.096055481793821	3.447826087
6.918420282113551	17.71304348
7.143549415857257	48.20869565
6.999887303670545	11.02173913
6.900920963710513	0.03043478261
6.795936275866496	3.456521739
6.597713748721118	8.17826087
6.452374900817015	4.047826087
6.575822662943278	1.834782609
6.649577836312726	1.417391304
6.6076676178456	0.02173913043
6.943658188911824	2.756521739
7.508586225787852	11.62608696
7.546997356456044	1.247826087
7.7748399978038725	16.81304348
8.061635514236663	21.30869565
8.35920941262274	2.882608696
8.294898243277789	1.904347826
8.06882904575599	13.43478261
7.810072230413908	27.45217391
7.995610477694216	4.630434783
8.058996131042456	2.069565217
8.190896569804528	0.0
8.39961982410418	0.0
8.644864382994914	4.613043478
9.372723414878351	35.2
9.420973279372632	0.1782608696
9.204357922946555	1.152173913
9.298990825207625	0.5173913043
9.766122579397905	1.108695652
9.923515718957942	6.27826087
9.459135573703986	12.92608696
9.60656971777848	9.508695652
9.755975709707043	7.4
9.903216991765458	11.34347826
9.940499214598145	30.2173913
10.052525444283587	1.808695652
10.13345322807723	0.747826087
10.268360208325614	1.12173913
10.447902552870358	0.03913043478
10.510829881829808	8.382608696
10.834115944687323	11.69565217
10.97607624355254	11.17391304
10.948294137615413	0.08695652174
11.023100769203275	0.1304347826
10.903766842552203	8.539130435
10.638810455535161	17.72173913
10.691739994925378	7.891304348
10.464303583053947	0.2565217391
10.390820938122454	0.0
10.503282769947667	1.27826087
10.565276269892474	4.460869565
10.686119286399258	5.67826087
10.91208263149269	9.408695652
10.489524171064858	17.31304348
10.836924082145599	19.11304348
11.10762033094582	8.139130435
11.165720567491299	6.591304348
11.293871835164907	0.7130434783
11.638406526064223	0.7130434783
11.779124860050025	2.8
11.655638858041264	10.97826087
11.51904322674978	5.439130435
10.898290780538144	19.73478261
10.512380536775193	16.77826087
11.312397118531365	66.45652174
11.27631418708603	31.1
11.048857269770362	13.73913043
11.177210266679182	0.6695652174
11.089503493860548	0.1043478261
10.962277742183648	3.791304348
11.050612979158132	8.1
11.12242858689316	0.452173913
11.319109049211686	1.847826087
11.247226383131988	0.7782608696
11.043362919116849	0.04347826087
11.071634384709721	3.52173913
11.419746444326853	1.617391304
11.516280533789544	13.11304348
11.49604664813695	8.330434783
11.525443142156961	3.565217391
11.731228575918557	4.691304348
11.843939798281806	6.582608696
11.544830208382628	16.44782609
11.252703553548436	12.99130435
11.400388196563359	8.62173913
11.394577951228333	8.895652174
11.36488717637344	0.2173913043
11.40394505983694	3.769565217
11.439828478851844	9.404347826
10.927023341525786	4.130434783
11.32756505105467	4.030434783
11.097021787280518	35.3
11.067416359409751	69.57826087
10.460625903919722	27.0826087
7.097671532480289	11.7826087
7.4989932801920265	8.169565217
7.877199296033874	16.13478261
7.997834764192893	10.4173913
7.863252545845148	0.2652173913
7.777451116737102	0.0
7.725621943820818	0.4869565217
7.752009402449135	6.991304348
7.774182715185851	46.94782609
7.787620431576387	4.408695652
7.804963049591359	0.008695652174
7.93394672746081	0.0
7.680255865248018	0.0
7.650090971270261	3.052173913
7.8190613738070915	3.726086957
7.4464242486795715	6.473913043
7.397879826249811	11.2826087
7.550383802861965	13.97391304
7.142532456663268	3.039130435
6.99006200922345	0.6869565217
7.207084149327123	0.4956521739
7.736053672926236	0.0
7.497555405189955	0.0
6.824074733172418	0.01304347826
7.028402479239199	0.0
6.6141323747926695	0.0
5.714362210278069	0.0
5.270765545074903	0.0
4.827776197788215	0.0
4.081370424560778	0.0
3.972496352725802	0.0
4.015798863146659	8.056521739
4.52979717832813	1.530434783
5.006614966596314	1.808695652
5.496326020536685	0.4782608696
6.339275599066525	4.386956522
6.775233258901797	26.12173913
6.12426313104852	7.986956522
6.418457649093919	8.160869565
6.594724526022167	0.852173913
6.221481520437521	4.986956522
5.955297162121254	3.313043478
5.83930686983374	4.930434783
5.401238119093999	8.795652174
5.110380827460833	5.260869565
4.573283960646536	3.169565217
4.389851383490253	2.769565217
4.140292091190911	2.508695652
3.4735473536929833	0.05217391304
3.1665408124069185	0.3956521739
2.8751084331205585	2.260869565
2.7644189367189838	2.273913043
2.6723539256978834	6.104347826
2.5022806627817413	2.830434783
2.4778266735746928	2.513043478
2.678455403761215	0.2782608696
3.0847017832973562	2.465217391
3.555618316002918	0.3434782609
3.8237364208410507	0.0
4.1697645107747245	0.4869565217
4.670110943276272	6.639130435
4.851045166288699	1.617391304
4.7489366440997225	1.12173913
4.735592587711249	0.5304347826
4.179911380465586	0.0
3.869692030935707	0.0
4.064083919416864	0.0
4.142013994305746	0.0
3.9662535533575833	0.0
3.386338392098326	0.0
2.8952088948353047	0.0
2.4170442417926443	0.8130434783
2.259622837971629	6.382608696
1.801544237412629	6.026086957
1.3436246925967752	0.0
1.306976753032492	0.1913043478
1.499205040045894	2.134782609
1.6732749248843501	5.991304348
2.02695947752358	0.6043478261
2.13216598439615	0.4086956522
2.044837176792937	2.965217391
1.813378649744196	0.2347826087
1.608620704999304	0.0
1.7765577994068749	0.1304347826
1.5787589590755586	0.247826087
1.317405156930736	0.4043478261
1.0262148250165688	1.769565217
1.0282069012142752	0.447826087
1.427996559720683	0.1913043478
1.3281364317823936	0.09130434783
0.9570768403582464	1.173913043
0.8891251233591784	0.852173913
1.1397418315397894	0.02173913043
1.2929086327819226	0.0
1.1248670714489744	0.0
0.9939672429456192	0.0
1.1275496823364404	0.0
1.1066224909881073	0.0
1.3514829884502664	0.0
1.5660829922284214	0.0
1.1103165190576054	0.0
1.0901214274887048	0.0
1.4913057333039257	0.0
1.6594049315612196	0.0652173913
1.678171292447776	0.02173913043
1.2795277220139387	0.01304347826
1.1549826415203204	0.0
1.2321731695512037	0.0652173913
1.2752709026302744	0.4565217391
1.2972577266646597	1.191304348
1.4078236361996082	1.726086957
1.2051982576555154	1.152173913
0.9791462403707811	0.4434782609
0.9975052633785464	0.3652173913
0.9254538430347763	0.1043478261
0.7956643566268737	0.4173913043
0.8449680346946535	0.7434782609
0.8028193711631055	0.1347826087
0.7173440894586904	0.0347826087
0.5976053188342068	0.004347826087
0.5853624602214582	2.447826087