eng;b;64;64;2;2;0.8819;0.5771
eng;b;64;64;2;4;0.8837;0.5766
eng;b;64;64;2;8;0.9223;0.6192
eng;b;64;64;3;2;0.8941;0.5893
eng;b;64;64;3;4;0.9219;0.6187
eng;b;64;64;3;8;0.9351;0.6268
eng;b;64;128;2;2;0.8790;0.5786
eng;b;64;128;2;4;0.9127;0.6101
eng;b;64;128;2;8;0.9273;0.6227
eng;b;64;128;3;2;0.9253;0.6193
eng;b;64;128;3;4;0.9251;0.6258
eng;b;64;128;3;8;0.9374;0.6287
eng;b;64;200;2;2;0.8870;0.5833
eng;b;64;200;2;4;0.9083;0.6050
eng;b;64;200;2;8;0.8947;0.5939
eng;b;64;200;3;2;0.9086;0.6005
eng;b;64;200;3;4;0.9365;0.6286
eng;b;64;200;3;8;0.9474;0.6373
eng;b;64;300;2;2;0.9065;0.5979
eng;b;64;300;2;4;0.9167;0.6124
eng;b;64;300;2;8;0.9251;0.6201
eng;b;64;300;3;2;0.9024;0.5954
eng;b;64;300;3;4;0.9119;0.6020
eng;b;64;300;3;8;0.9468;0.6407
eng;b;128;64;2;2;0.9432;0.5937
eng;b;128;64;2;4;0.9720;0.6326
eng;b;128;64;2;8;0.9818;0.6381
eng;b;128;64;3;2;0.9704;0.6124
eng;b;128;64;3;4;0.9812;0.6456
eng;b;128;64;3;8;0.9857;0.6532
eng;b;128;128;2;2;0.9455;0.5871
eng;b;128;128;2;4;0.9689;0.6353
eng;b;128;128;2;8;0.9821;0.6356
eng;b;128;128;3;2;0.9681;0.6323
eng;b;128;128;3;4;0.9829;0.6550
eng;b;128;128;3;8;0.9860;0.6544
eng;b;128;200;2;2;0.9414;0.5846
eng;b;128;200;2;4;0.9721;0.6238
eng;b;128;200;2;8;0.9827;0.6558
eng;b;128;200;3;2;0.9693;0.6226
eng;b;128;200;3;4;0.9834;0.6451
eng;b;128;200;3;8;0.9886;0.6554
eng;b;128;300;2;2;0.9517;0.5732
eng;b;128;300;2;4;0.9684;0.6202
eng;b;128;300;2;8;0.9797;0.6395
eng;b;128;300;3;2;0.9764;0.6388
eng;b;128;300;3;4;0.9822;0.6448
eng;b;128;300;3;8;0.9858;0.6526
eng;b;200;64;2;2;0.9713;0.5645
eng;b;200;64;2;4;0.9894;0.6256
eng;b;200;64;2;8;0.9937;0.6424
eng;b;200;64;3;2;0.9881;0.6325
eng;b;200;64;3;4;0.9943;0.6581
eng;b;200;64;3;8;0.9972;0.6635
eng;b;200;128;2;2;0.9750;0.6026
eng;b;200;128;2;4;0.9895;0.6390
eng;b;200;128;2;8;0.9933;0.6557
eng;b;200;128;3;2;0.9889;0.6297
eng;b;200;128;3;4;0.9929;0.6533
eng;b;200;128;3;8;0.9970;0.6622
eng;b;200;200;2;2;0.9807;0.6083
eng;b;200;200;2;4;0.9891;0.6343
eng;b;200;200;2;8;0.9949;0.6536
eng;b;200;200;3;2;0.9900;0.6331
eng;b;200;200;3;4;0.9942;0.6606
eng;b;200;200;3;8;0.9966;0.6610
eng;b;200;300;2;2;0.9769;0.5771
eng;b;200;300;2;4;0.9922;0.6402
eng;b;200;300;2;8;0.9946;0.6573
eng;b;200;300;3;2;0.9907;0.6348
eng;b;200;300;3;4;0.9957;0.6622
eng;b;200;300;3;8;0.9962;0.6661
eng;b;64;64;2;2;0.8704;0.5715
eng;b;64;64;2;4;0.8950;0.5938
eng;b;64;64;2;8;0.9118;0.6080
eng;b;64;64;3;2;0.9156;0.6006
eng;b;64;64;3;4;0.9277;0.6288
eng;b;64;64;3;8;0.9301;0.6156
eng;b;64;128;2;2;0.8457;0.5382
eng;b;64;128;2;4;0.8950;0.5873
eng;b;64;128;2;8;0.9381;0.6237
eng;b;64;128;3;2;0.9121;0.6028
eng;b;64;128;3;4;0.9356;0.6323
eng;b;64;128;3;8;0.9388;0.6360
eng;b;64;200;2;2;0.8964;0.5736
eng;b;64;200;2;4;0.9081;0.6083
eng;b;64;200;2;8;0.9186;0.6061
eng;b;64;200;3;2;0.9156;0.6150
eng;b;64;200;3;4;0.9283;0.6282
eng;b;64;200;3;8;0.9316;0.6249
eng;b;64;300;2;2;0.8887;0.5930
eng;b;64;300;2;4;0.9089;0.5999
eng;b;64;300;2;8;0.9163;0.6079
eng;b;64;300;3;2;0.9066;0.6033
eng;b;64;300;3;4;0.9288;0.6066
eng;b;64;300;3;8;0.9306;0.6212
eng;b;128;64;2;2;0.9456;0.5885
eng;b;128;64;2;4;0.9708;0.6122
eng;b;128;64;2;8;0.9810;0.6448
eng;b;128;64;3;2;0.9710;0.6151
eng;b;128;64;3;4;0.9817;0.6474
eng;b;128;64;3;8;0.9880;0.6550
eng;b;128;128;2;2;0.9443;0.5940
eng;b;128;128;2;4;0.9710;0.6200
eng;b;128;128;2;8;0.9816;0.6344
eng;b;128;128;3;2;0.9736;0.6319
eng;b;128;128;3;4;0.9823;0.6391
eng;b;128;128;3;8;0.9833;0.6470
eng;b;128;200;2;2;0.9572;0.5915
eng;b;128;200;2;4;0.9656;0.6174
eng;b;128;200;2;8;0.9827;0.6451
eng;b;128;200;3;2;0.9747;0.6300
eng;b;128;200;3;4;0.9832;0.6468
eng;b;128;200;3;8;0.9870;0.6603
eng;b;128;300;2;2;0.9529;0.5802
eng;b;128;300;2;4;0.9729;0.6369
eng;b;128;300;2;8;0.9840;0.6473
eng;b;128;300;3;2;0.9657;0.6247
eng;b;128;300;3;4;0.9838;0.6502
eng;b;128;300;3;8;0.9874;0.6575
eng;b;200;64;2;2;0.9724;0.5793
eng;b;200;64;2;4;0.9864;0.6098
eng;b;200;64;2;8;0.9943;0.6505
eng;b;200;64;3;2;0.9883;0.6190
eng;b;200;64;3;4;0.9928;0.6499
eng;b;200;64;3;8;0.9963;0.6687
eng;b;200;128;2;2;0.9735;0.5829
eng;b;200;128;2;4;0.9905;0.6308
eng;b;200;128;2;8;0.9941;0.6446
eng;b;200;128;3;2;0.9901;0.6274
eng;b;200;128;3;4;0.9940;0.6550
eng;b;200;128;3;8;0.9967;0.6533
eng;b;200;200;2;2;0.9768;0.6006
eng;b;200;200;2;4;0.9899;0.6344
eng;b;200;200;2;8;0.9942;0.6518
eng;b;200;200;3;2;0.9910;0.6335
eng;b;200;200;3;4;0.9955;0.6575
eng;b;200;200;3;8;0.9965;0.6652
eng;b;200;300;2;2;0.9765;0.5955
eng;b;200;300;2;4;0.9915;0.6255
eng;b;200;300;2;8;0.9948;0.6536
eng;b;200;300;3;2;0.9909;0.6402
eng;b;200;300;3;4;0.9948;0.6586
eng;b;200;300;3;8;0.9960;0.6624
eng;b;64;64;2;2;0.8554;0.5621
eng;b;64;64;2;4;0.8953;0.5993
eng;b;64;64;2;8;0.9088;0.6002
eng;b;64;64;3;2;0.9127;0.6108
eng;b;64;64;3;4;0.9189;0.6169
eng;b;64;64;3;8;0.9399;0.6359
eng;b;64;128;2;2;0.8848;0.5767
eng;b;64;128;2;4;0.9156;0.6126
eng;b;64;128;2;8;0.9204;0.6095
eng;b;64;128;3;2;0.9222;0.6186
eng;b;64;128;3;4;0.9313;0.6344
eng;b;64;128;3;8;0.9266;0.6218
eng;b;64;200;2;2;0.8846;0.5814
eng;b;64;200;2;4;0.9091;0.6119
eng;b;64;200;2;8;0.9068;0.5924
eng;b;64;200;3;2;0.9117;0.6058
eng;b;64;200;3;4;0.9340;0.6285
eng;b;64;200;3;8;0.9462;0.6381
eng;b;64;300;2;2;0.8813;0.5856
eng;b;64;300;2;4;0.9130;0.6015
eng;b;64;300;2;8;0.9290;0.6146
eng;b;64;300;3;2;0.9222;0.6199
eng;b;64;300;3;4;0.9263;0.6242
eng;b;64;300;3;8;0.9432;0.6386
eng;b;128;64;2;2;0.9506;0.5837
eng;b;128;64;2;4;0.9695;0.6283
eng;b;128;64;2;8;0.9811;0.6434
eng;b;128;64;3;2;0.9722;0.6247
eng;b;128;64;3;4;0.9811;0.6431
eng;b;128;64;3;8;0.9872;0.6507
eng;b;128;128;2;2;0.9404;0.5710
eng;b;128;128;2;4;0.9670;0.6205
eng;b;128;128;2;8;0.9821;0.6461
eng;b;128;128;3;2;0.9734;0.6289
eng;b;128;128;3;4;0.9822;0.6504
eng;b;128;128;3;8;0.9865;0.6548
eng;b;128;200;2;2;0.9529;0.5976
eng;b;128;200;2;4;0.9679;0.6149
eng;b;128;200;2;8;0.9824;0.6452
eng;b;128;200;3;2;0.9738;0.6345
eng;b;128;200;3;4;0.9835;0.6432
eng;b;128;200;3;8;0.9874;0.6569
eng;b;128;300;2;2;0.9549;0.5997
eng;b;128;300;2;4;0.9664;0.6218
eng;b;128;300;2;8;0.9840;0.6489
eng;b;128;300;3;2;0.9749;0.6332
eng;b;128;300;3;4;0.9838;0.6480
eng;b;128;300;3;8;0.9883;0.6567
eng;b;200;64;2;2;0.9774;0.5970
eng;b;200;64;2;4;0.9868;0.6199
eng;b;200;64;2;8;0.9937;0.6527
eng;b;200;64;3;2;0.9895;0.6344
eng;b;200;64;3;4;0.9943;0.6490
eng;b;200;64;3;8;0.9965;0.6586
eng;b;200;128;2;2;0.9750;0.5806
eng;b;200;128;2;4;0.9903;0.6288
eng;b;200;128;2;8;0.9936;0.6505
eng;b;200;128;3;2;0.9909;0.6414
eng;b;200;128;3;4;0.9944;0.6468
eng;b;200;128;3;8;0.9963;0.6628
eng;b;200;200;2;2;0.9753;0.5850
eng;b;200;200;2;4;0.9909;0.6465
eng;b;200;200;2;8;0.9952;0.6490
eng;b;200;200;3;2;0.9898;0.6284
eng;b;200;200;3;4;0.9946;0.6570
eng;b;200;200;3;8;0.9962;0.6670
eng;b;200;300;2;2;0.9766;0.5995
eng;b;200;300;2;4;0.9884;0.6375
eng;b;200;300;2;8;0.9941;0.6499
eng;b;200;300;3;2;0.9909;0.6365
eng;b;200;300;3;4;0.9946;0.6597
eng;b;200;300;3;8;0.9968;0.6692
fra;b;64;64;2;2;0.9434;0.6174
fra;b;64;64;2;4;0.9709;0.6538
fra;b;64;64;2;8;0.9748;0.6624
fra;b;64;64;3;2;0.9701;0.6368
fra;b;64;64;3;4;0.9761;0.6595
fra;b;64;64;3;8;0.9780;0.6685
fra;b;64;128;2;2;0.9428;0.6101
fra;b;64;128;2;4;0.9528;0.6263
fra;b;64;128;2;8;0.9669;0.6431
fra;b;64;128;3;2;0.9763;0.6450
fra;b;64;128;3;4;0.9808;0.6797
fra;b;64;128;3;8;0.9774;0.6713
fra;b;64;200;2;2;0.9616;0.6347
fra;b;64;200;2;4;0.9592;0.6390
fra;b;64;200;2;8;0.9790;0.6598
fra;b;64;200;3;2;0.9733;0.6496
fra;b;64;200;3;4;0.9811;0.6705
fra;b;64;200;3;8;0.9864;0.6804
fra;b;64;300;2;2;0.9595;0.6256
fra;b;64;300;2;4;0.9721;0.6504
fra;b;64;300;2;8;0.9808;0.6634
fra;b;64;300;3;2;0.9760;0.6518
fra;b;64;300;3;4;0.9805;0.6688
fra;b;64;300;3;8;0.9868;0.6804
fra;b;128;64;2;2;0.9897;0.6261
fra;b;128;64;2;4;0.9942;0.6662
fra;b;128;64;2;8;0.9970;0.6765
fra;b;128;64;3;2;0.9932;0.6665
fra;b;128;64;3;4;0.9967;0.6870
fra;b;128;64;3;8;0.9978;0.6922
fra;b;128;128;2;2;0.9890;0.6313
fra;b;128;128;2;4;0.9944;0.6677
fra;b;128;128;2;8;0.9971;0.6864
fra;b;128;128;3;2;0.9951;0.6795
fra;b;128;128;3;4;0.9965;0.6923
fra;b;128;128;3;8;0.9979;0.7031
fra;b;128;200;2;2;0.9898;0.6506
fra;b;128;200;2;4;0.9958;0.6583
fra;b;128;200;2;8;0.9969;0.6858
fra;b;128;200;3;2;0.9950;0.6664
fra;b;128;200;3;4;0.9968;0.6940
fra;b;128;200;3;8;0.9981;0.6985
fra;b;128;300;2;2;0.9884;0.6445
fra;b;128;300;2;4;0.9957;0.6735
fra;b;128;300;2;8;0.9965;0.6840
fra;b;128;300;3;2;0.9957;0.6787
fra;b;128;300;3;4;0.9971;0.6988
fra;b;128;300;3;8;0.9977;0.6994
fra;b;200;64;2;2;0.9945;0.6429
fra;b;200;64;2;4;0.9987;0.6846
fra;b;200;64;2;8;0.9990;0.6985
fra;b;200;64;3;2;0.9980;0.6906
fra;b;200;64;3;4;0.9988;0.7068
fra;b;200;64;3;8;0.9992;0.7142
fra;b;200;128;2;2;0.9946;0.6428
fra;b;200;128;2;4;0.9981;0.6838
fra;b;200;128;2;8;0.9993;0.6986
fra;b;200;128;3;2;0.9980;0.6803
fra;b;200;128;3;4;0.9986;0.7104
fra;b;200;128;3;8;0.9992;0.7059
fra;b;200;200;2;2;0.9956;0.6476
fra;b;200;200;2;4;0.9982;0.6953
fra;b;200;200;2;8;0.9987;0.6958
fra;b;200;200;3;2;0.9982;0.6806
fra;b;200;200;3;4;0.9990;0.7130
fra;b;200;200;3;8;0.9987;0.7131
fra;b;200;300;2;2;0.9970;0.6563
fra;b;200;300;2;4;0.9980;0.6982
fra;b;200;300;2;8;0.9988;0.7054
fra;b;200;300;3;2;0.9979;0.6795
fra;b;200;300;3;4;0.9986;0.7024
fra;b;200;300;3;8;0.9990;0.7159
fra;b;64;64;2;2;0.9495;0.5932
fra;b;64;64;2;4;0.9741;0.6539
fra;b;64;64;2;8;0.9711;0.6526
fra;b;64;64;3;2;0.9732;0.6432
fra;b;64;64;3;4;0.9782;0.6685
fra;b;64;64;3;8;0.9849;0.6819
fra;b;64;128;2;2;0.9604;0.6261
fra;b;64;128;2;4;0.9674;0.6563
fra;b;64;128;2;8;0.9799;0.6787
fra;b;64;128;3;2;0.9686;0.6455
fra;b;64;128;3;4;0.9800;0.6610
fra;b;64;128;3;8;0.9852;0.6823
fra;b;64;200;2;2;0.9495;0.6159
fra;b;64;200;2;4;0.9528;0.6343
fra;b;64;200;2;8;0.9750;0.6542
fra;b;64;200;3;2;0.9716;0.6562
fra;b;64;200;3;4;0.9794;0.6710
fra;b;64;200;3;8;0.9831;0.6748
fra;b;64;300;2;2;0.9699;0.6506
fra;b;64;300;2;4;0.9707;0.6513
fra;b;64;300;2;8;0.9820;0.6677
fra;b;64;300;3;2;0.9631;0.6388
fra;b;64;300;3;4;0.9755;0.6671
fra;b;64;300;3;8;0.9855;0.6786
fra;b;128;64;2;2;0.9901;0.6431
fra;b;128;64;2;4;0.9946;0.6743
fra;b;128;64;2;8;0.9961;0.6841
fra;b;128;64;3;2;0.9915;0.6401
fra;b;128;64;3;4;0.9972;0.6903
fra;b;128;64;3;8;0.9978;0.7019
fra;b;128;128;2;2;0.9860;0.6316
fra;b;128;128;2;4;0.9948;0.6641
fra;b;128;128;2;8;0.9956;0.6901
fra;b;128;128;3;2;0.9951;0.6788
fra;b;128;128;3;4;0.9967;0.6900
fra;b;128;128;3;8;0.9980;0.7023
fra;b;128;200;2;2;0.9839;0.6294
fra;b;128;200;2;4;0.9949;0.6681
fra;b;128;200;2;8;0.9964;0.6837
fra;b;128;200;3;2;0.9951;0.6731
fra;b;128;200;3;4;0.9970;0.6953
fra;b;128;200;3;8;0.9980;0.7122
fra;b;128;300;2;2;0.9907;0.6479
fra;b;128;300;2;4;0.9948;0.6751
fra;b;128;300;2;8;0.9973;0.6972
fra;b;128;300;3;2;0.9955;0.6744
fra;b;128;300;3;4;0.9977;0.7019
fra;b;128;300;3;8;0.9982;0.6976
fra;b;200;64;2;2;0.9942;0.6354
fra;b;200;64;2;4;0.9983;0.6788
fra;b;200;64;2;8;0.9989;0.6960
fra;b;200;64;3;2;0.9979;0.6802
fra;b;200;64;3;4;0.9987;0.6957
fra;b;200;64;3;8;0.9991;0.7222
fra;b;200;128;2;2;0.9945;0.6428
fra;b;200;128;2;4;0.9983;0.6836
fra;b;200;128;2;8;0.9991;0.6936
fra;b;200;128;3;2;0.9983;0.6876
fra;b;200;128;3;4;0.9990;0.7046
fra;b;200;128;3;8;0.9991;0.7229
fra;b;200;200;2;2;0.9957;0.6562
fra;b;200;200;2;4;0.9980;0.6904
fra;b;200;200;2;8;0.9988;0.6976
fra;b;200;200;3;2;0.9980;0.6878
fra;b;200;200;3;4;0.9982;0.6975
fra;b;200;200;3;8;0.9992;0.7192
fra;b;200;300;2;2;0.9963;0.6481
fra;b;200;300;2;4;0.9983;0.6867
fra;b;200;300;2;8;0.9986;0.7086
fra;b;200;300;3;2;0.9981;0.6838
fra;b;200;300;3;4;0.9985;0.7029
fra;b;200;300;3;8;0.9989;0.7072
fra;b;64;64;2;2;0.9513;0.6309
fra;b;64;64;2;4;0.9724;0.6491
fra;b;64;64;2;8;0.9727;0.6589
fra;b;64;64;3;2;0.9699;0.6421
fra;b;64;64;3;4;0.9744;0.6587
fra;b;64;64;3;8;0.9781;0.6699
fra;b;64;128;2;2;0.9563;0.6220
fra;b;64;128;2;4;0.9717;0.6477
fra;b;64;128;2;8;0.9749;0.6530
fra;b;64;128;3;2;0.9725;0.6566
fra;b;64;128;3;4;0.9793;0.6747
fra;b;64;128;3;8;0.9831;0.6697
fra;b;64;200;2;2;0.9531;0.6187
fra;b;64;200;2;4;0.9712;0.6460
fra;b;64;200;2;8;0.9723;0.6538
fra;b;64;200;3;2;0.9680;0.6393
fra;b;64;200;3;4;0.9842;0.6800
fra;b;64;200;3;8;0.9857;0.6875
fra;b;64;300;2;2;0.9485;0.6125
fra;b;64;300;2;4;0.9678;0.6432
fra;b;64;300;2;8;0.9792;0.6785
fra;b;64;300;3;2;0.9721;0.6541
fra;b;64;300;3;4;0.9725;0.6534
fra;b;64;300;3;8;0.9857;0.6855
fra;b;128;64;2;2;0.9877;0.6374
fra;b;128;64;2;4;0.9946;0.6712
fra;b;128;64;2;8;0.9969;0.6803
fra;b;128;64;3;2;0.9942;0.6516
fra;b;128;64;3;4;0.9969;0.6912
fra;b;128;64;3;8;0.9976;0.6953
fra;b;128;128;2;2;0.9900;0.6386
fra;b;128;128;2;4;0.9948;0.6618
fra;b;128;128;2;8;0.9971;0.6803
fra;b;128;128;3;2;0.9957;0.6667
fra;b;128;128;3;4;0.9968;0.6931
fra;b;128;128;3;8;0.9977;0.7126
fra;b;128;200;2;2;0.9895;0.6489
fra;b;128;200;2;4;0.9950;0.6648
fra;b;128;200;2;8;0.9966;0.6905
fra;b;128;200;3;2;0.9958;0.6703
fra;b;128;200;3;4;0.9971;0.6975
fra;b;128;200;3;8;0.9979;0.6969
fra;b;128;300;2;2;0.9897;0.6433
fra;b;128;300;2;4;0.9951;0.6765
fra;b;128;300;2;8;0.9971;0.6978
fra;b;128;300;3;2;0.9946;0.6630
fra;b;128;300;3;4;0.9969;0.7003
fra;b;128;300;3;8;0.9979;0.7072
fra;b;200;64;2;2;0.9954;0.6398
fra;b;200;64;2;4;0.9982;0.6838
fra;b;200;64;2;8;0.9989;0.7030
fra;b;200;64;3;2;0.9982;0.6832
fra;b;200;64;3;4;0.9989;0.7041
fra;b;200;64;3;8;0.9992;0.7067
fra;b;200;128;2;2;0.9962;0.6467
fra;b;200;128;2;4;0.9982;0.6881
fra;b;200;128;2;8;0.9989;0.6977
fra;b;200;128;3;2;0.9979;0.6867
fra;b;200;128;3;4;0.9990;0.6987
fra;b;200;128;3;8;0.9991;0.7161
fra;b;200;200;2;2;0.9950;0.6385
fra;b;200;200;2;4;0.9982;0.6772
fra;b;200;200;2;8;0.9989;0.7103
fra;b;200;200;3;2;0.9982;0.6925
fra;b;200;200;3;4;0.9990;0.7186
fra;b;200;200;3;8;0.9993;0.7057
fra;b;200;300;2;2;0.9945;0.6390
fra;b;200;300;2;4;0.9981;0.6855
fra;b;200;300;2;8;0.9989;0.7065
fra;b;200;300;3;2;0.9980;0.6794
fra;b;200;300;3;4;0.9988;0.7097
fra;b;200;300;3;8;0.9990;0.7171
ind;b;64;64;2;2;0.8217;0.5217
ind;b;64;64;2;4;0.8318;0.5397
ind;b;64;64;2;8;0.8327;0.5425
ind;b;64;64;3;2;0.8474;0.5436
ind;b;64;64;3;4;0.8405;0.5587
ind;b;64;64;3;8;0.8685;0.5593
ind;b;64;128;2;2;0.8269;0.5291
ind;b;64;128;2;4;0.8551;0.5351
ind;b;64;128;2;8;0.8559;0.5496
ind;b;64;128;3;2;0.8476;0.5425
ind;b;64;128;3;4;0.8462;0.5492
ind;b;64;128;3;8;0.8587;0.5609
ind;b;64;200;2;2;0.8185;0.5184
ind;b;64;200;2;4;0.8502;0.5463
ind;b;64;200;2;8;0.8721;0.5638
ind;b;64;200;3;2;0.8640;0.5486
ind;b;64;200;3;4;0.8610;0.5520
ind;b;64;200;3;8;0.8727;0.5704
ind;b;64;300;2;2;0.8380;0.5449
ind;b;64;300;2;4;0.8482;0.5398
ind;b;64;300;2;8;0.8552;0.5501
ind;b;64;300;3;2;0.8720;0.5633
ind;b;64;300;3;4;0.8635;0.5522
ind;b;64;300;3;8;0.8770;0.5712
ind;b;128;64;2;2;0.9404;0.5695
ind;b;128;64;2;4;0.9507;0.5902
ind;b;128;64;2;8;0.9621;0.6035
ind;b;128;64;3;2;0.9552;0.5988
ind;b;128;64;3;4;0.9666;0.5995
ind;b;128;64;3;8;0.9775;0.6398
ind;b;128;128;2;2;0.9432;0.5817
ind;b;128;128;2;4;0.9591;0.6228
ind;b;128;128;2;8;0.9651;0.6045
ind;b;128;128;3;2;0.9604;0.6075
ind;b;128;128;3;4;0.9681;0.6198
ind;b;128;128;3;8;0.9767;0.6302
ind;b;128;200;2;2;0.9432;0.5890
ind;b;128;200;2;4;0.9601;0.6006
ind;b;128;200;2;8;0.9633;0.6216
ind;b;128;200;3;2;0.9655;0.6080
ind;b;128;200;3;4;0.9691;0.6284
ind;b;128;200;3;8;0.9720;0.6237
ind;b;128;300;2;2;0.9563;0.6006
ind;b;128;300;2;4;0.9563;0.5970
ind;b;128;300;2;8;0.9607;0.6128
ind;b;128;300;3;2;0.9700;0.6038
ind;b;128;300;3;4;0.9702;0.6116
ind;b;128;300;3;8;0.9771;0.6324
ind;b;200;64;2;2;0.9764;0.5775
ind;b;200;64;2;4;0.9894;0.6053
ind;b;200;64;2;8;0.9914;0.6287
ind;b;200;64;3;2;0.9909;0.6029
ind;b;200;64;3;4;0.9941;0.6247
ind;b;200;64;3;8;0.9954;0.6446
ind;b;200;128;2;2;0.9835;0.5756
ind;b;200;128;2;4;0.9872;0.5986
ind;b;200;128;2;8;0.9906;0.6306
ind;b;200;128;3;2;0.9915;0.6075
ind;b;200;128;3;4;0.9941;0.6357
ind;b;200;128;3;8;0.9970;0.6368
ind;b;200;200;2;2;0.9820;0.5890
ind;b;200;200;2;4;0.9868;0.6107
ind;b;200;200;2;8;0.9940;0.6320
ind;b;200;200;3;2;0.9913;0.6164
ind;b;200;200;3;4;0.9945;0.6275
ind;b;200;200;3;8;0.9969;0.6525
ind;b;200;300;2;2;0.9854;0.5950
ind;b;200;300;2;4;0.9910;0.6036
ind;b;200;300;2;8;0.9943;0.6246
ind;b;200;300;3;2;0.9908;0.6030
ind;b;200;300;3;4;0.9944;0.6324
ind;b;200;300;3;8;0.9967;0.6579
ind;b;64;64;2;2;0.8298;0.5356
ind;b;64;64;2;4;0.8414;0.5412
ind;b;64;64;2;8;0.8458;0.5403
ind;b;64;64;3;2;0.8673;0.5618
ind;b;64;64;3;4;0.8649;0.5519
ind;b;64;64;3;8;0.8498;0.5551
ind;b;64;128;2;2;0.8340;0.5367
ind;b;64;128;2;4;0.8606;0.5578
ind;b;64;128;2;8;0.8428;0.5475
ind;b;64;128;3;2;0.8443;0.5279
ind;b;64;128;3;4;0.8630;0.5640
ind;b;64;128;3;8;0.8767;0.5688
ind;b;64;200;2;2;0.8322;0.5344
ind;b;64;200;2;4;0.8292;0.5281
ind;b;64;200;2;8;0.8378;0.5389
ind;b;64;200;3;2;0.8672;0.5535
ind;b;64;200;3;4;0.8596;0.5535
ind;b;64;200;3;8;0.8666;0.5593
ind;b;64;300;2;2;0.8467;0.5391
ind;b;64;300;2;4;0.8465;0.5374
ind;b;64;300;2;8;0.8513;0.5534
ind;b;64;300;3;2;0.8734;0.5615
ind;b;64;300;3;4;0.8701;0.5679
ind;b;64;300;3;8;0.8654;0.5603
ind;b;128;64;2;2;0.9506;0.5934
ind;b;128;64;2;4;0.9501;0.5833
ind;b;128;64;2;8;0.9548;0.6024
ind;b;128;64;3;2;0.9555;0.5846
ind;b;128;64;3;4;0.9703;0.6234
ind;b;128;64;3;8;0.9718;0.6170
ind;b;128;128;2;2;0.9392;0.5837
ind;b;128;128;2;4;0.9570;0.6112
ind;b;128;128;2;8;0.9653;0.6195
ind;b;128;128;3;2;0.9627;0.5958
ind;b;128;128;3;4;0.9633;0.6080
ind;b;128;128;3;8;0.9710;0.6232
ind;b;128;200;2;2;0.9523;0.5766
ind;b;128;200;2;4;0.9568;0.6005
ind;b;128;200;2;8;0.9644;0.6039
ind;b;128;200;3;2;0.9582;0.6018
ind;b;128;200;3;4;0.9627;0.6145
ind;b;128;200;3;8;0.9745;0.6288
ind;b;128;300;2;2;0.9512;0.5941
ind;b;128;300;2;4;0.9568;0.5958
ind;b;128;300;2;8;0.9710;0.6210
ind;b;128;300;3;2;0.9648;0.6047
ind;b;128;300;3;4;0.9651;0.6163
ind;b;128;300;3;8;0.9811;0.6430
ind;b;200;64;2;2;0.9841;0.5922
ind;b;200;64;2;4;0.9869;0.6036
ind;b;200;64;2;8;0.9932;0.6290
ind;b;200;64;3;2;0.9916;0.5944
ind;b;200;64;3;4;0.9938;0.6333
ind;b;200;64;3;8;0.9958;0.6422
ind;b;200;128;2;2;0.9846;0.5925
ind;b;200;128;2;4;0.9928;0.6391
ind;b;200;128;2;8;0.9922;0.6259
ind;b;200;128;3;2;0.9921;0.6151
ind;b;200;128;3;4;0.9933;0.6303
ind;b;200;128;3;8;0.9955;0.6412
ind;b;200;200;2;2;0.9848;0.5914
ind;b;200;200;2;4;0.9895;0.6190
ind;b;200;200;2;8;0.9913;0.6235
ind;b;200;200;3;2;0.9909;0.6243
ind;b;200;200;3;4;0.9937;0.6268
ind;b;200;200;3;8;0.9967;0.6540
ind;b;200;300;2;2;0.9807;0.5873
ind;b;200;300;2;4;0.9915;0.6048
ind;b;200;300;2;8;0.9925;0.6370
ind;b;200;300;3;2;0.9915;0.6057
ind;b;200;300;3;4;0.9929;0.6223
ind;b;200;300;3;8;0.9961;0.6554
ind;b;64;64;2;2;0.8187;0.5296
ind;b;64;64;2;4;0.8316;0.5288
ind;b;64;64;2;8;0.8359;0.5446
ind;b;64;64;3;2;0.8536;0.5498
ind;b;64;64;3;4;0.8624;0.5538
ind;b;64;64;3;8;0.8536;0.5480
ind;b;64;128;2;2;0.8175;0.5142
ind;b;64;128;2;4;0.8385;0.5409
ind;b;64;128;2;8;0.8451;0.5492
ind;b;64;128;3;2;0.8423;0.5388
ind;b;64;128;3;4;0.8880;0.5793
ind;b;64;128;3;8;0.8717;0.5516
ind;b;64;200;2;2;0.8337;0.5463
ind;b;64;200;2;4;0.8478;0.5517
ind;b;64;200;2;8;0.8381;0.5446
ind;b;64;200;3;2;0.8641;0.5641
ind;b;64;200;3;4;0.8758;0.5561
ind;b;64;200;3;8;0.8761;0.5609
ind;b;64;300;2;2;0.8467;0.5306
ind;b;64;300;2;4;0.8368;0.5299
ind;b;64;300;2;8;0.8708;0.5549
ind;b;64;300;3;2;0.8682;0.5523
ind;b;64;300;3;4;0.8764;0.5513
ind;b;64;300;3;8;0.8807;0.5688
ind;b;128;64;2;2;0.9343;0.5885
ind;b;128;64;2;4;0.9610;0.5952
ind;b;128;64;2;8;0.9611;0.6118
ind;b;128;64;3;2;0.9628;0.6167
ind;b;128;64;3;4;0.9713;0.6240
ind;b;128;64;3;8;0.9696;0.6158
ind;b;128;128;2;2;0.9471;0.5811
ind;b;128;128;2;4;0.9545;0.5795
ind;b;128;128;2;8;0.9561;0.5941
ind;b;128;128;3;2;0.9592;0.5903
ind;b;128;128;3;4;0.9627;0.6121
ind;b;128;128;3;8;0.9756;0.6309
ind;b;128;200;2;2;0.9426;0.5560
ind;b;128;200;2;4;0.9493;0.5851
ind;b;128;200;2;8;0.9636;0.6041
ind;b;128;200;3;2;0.9646;0.6057
ind;b;128;200;3;4;0.9670;0.6199
ind;b;128;200;3;8;0.9749;0.6329
ind;b;128;300;2;2;0.9501;0.5808
ind;b;128;300;2;4;0.9483;0.5888
ind;b;128;300;2;8;0.9610;0.6090
ind;b;128;300;3;2;0.9571;0.5998
ind;b;128;300;3;4;0.9645;0.6223
ind;b;128;300;3;8;0.9748;0.6344
ind;b;200;64;2;2;0.9836;0.5852
ind;b;200;64;2;4;0.9859;0.6077
ind;b;200;64;2;8;0.9931;0.6183
ind;b;200;64;3;2;0.9904;0.6112
ind;b;200;64;3;4;0.9945;0.6302
ind;b;200;64;3;8;0.9951;0.6329
ind;b;200;128;2;2;0.9788;0.5733
ind;b;200;128;2;4;0.9893;0.5955
ind;b;200;128;2;8;0.9915;0.6054
ind;b;200;128;3;2;0.9905;0.6149
ind;b;200;128;3;4;0.9950;0.6342
ind;b;200;128;3;8;0.9979;0.6484
ind;b;200;200;2;2;0.9800;0.5843
ind;b;200;200;2;4;0.9889;0.6094
ind;b;200;200;2;8;0.9916;0.6087
ind;b;200;200;3;2;0.9891;0.6014
ind;b;200;200;3;4;0.9945;0.6205
ind;b;200;200;3;8;0.9960;0.6551
ind;b;200;300;2;2;0.9818;0.5741
ind;b;200;300;2;4;0.9888;0.6176
ind;b;200;300;2;8;0.9925;0.6323
ind;b;200;300;3;2;0.9901;0.6217
ind;b;200;300;3;4;0.9944;0.6419
ind;b;200;300;3;8;0.9965;0.6386
vie;b;64;64;2;2;0.5884;0.3840
vie;b;64;64;2;4;0.5945;0.3852
vie;b;64;64;2;8;0.5834;0.3838
vie;b;64;64;3;2;0.6008;0.3857
vie;b;64;64;3;4;0.5936;0.3836
vie;b;64;64;3;8;0.5973;0.3886
vie;b;64;128;2;2;0.5835;0.3816
vie;b;64;128;2;4;0.5919;0.3848
vie;b;64;128;2;8;0.5906;0.3844
vie;b;64;128;3;2;0.5987;0.3848
vie;b;64;128;3;4;0.5946;0.3811
vie;b;64;128;3;8;0.5939;0.3864
vie;b;64;200;2;2;0.5962;0.3875
vie;b;64;200;2;4;0.5923;0.3886
vie;b;64;200;2;8;0.5852;0.3886
vie;b;64;200;3;2;0.5966;0.3840
vie;b;64;200;3;4;0.5999;0.3855
vie;b;64;200;3;8;0.5999;0.3892
vie;b;64;300;2;2;0.6017;0.3908
vie;b;64;300;2;4;0.5931;0.3858
vie;b;64;300;2;8;0.5952;0.3877
vie;b;64;300;3;2;0.6024;0.3838
vie;b;64;300;3;4;0.5998;0.3859
vie;b;64;300;3;8;0.6030;0.3859
vie;b;128;64;2;2;0.6567;0.3850
vie;b;128;64;2;4;0.6744;0.3945
vie;b;128;64;2;8;0.6606;0.3948
vie;b;128;64;3;2;0.7216;0.3999
vie;b;128;64;3;4;0.6771;0.3921
vie;b;128;64;3;8;0.7004;0.3993
vie;b;128;128;2;2;0.6551;0.3912
vie;b;128;128;2;4;0.6925;0.4037
vie;b;128;128;2;8;0.6717;0.3956
vie;b;128;128;3;2;0.7523;0.4078
vie;b;128;128;3;4;0.6975;0.4108
vie;b;128;128;3;8;0.7133;0.4157
vie;b;128;200;2;2;0.6983;0.3998
vie;b;128;200;2;4;0.6963;0.4100
vie;b;128;200;2;8;0.6640;0.3925
vie;b;128;200;3;2;0.7100;0.3965
vie;b;128;200;3;4;0.7275;0.4155
vie;b;128;200;3;8;0.7049;0.4157
vie;b;128;300;2;2;0.6900;0.3868
vie;b;128;300;2;4;0.6706;0.3939
vie;b;128;300;2;8;0.6667;0.3863
vie;b;128;300;3;2;0.7560;0.4135
vie;b;128;300;3;4;0.6989;0.3959
vie;b;128;300;3;8;0.7107;0.3970
vie;b;200;64;2;2;0.8286;0.4128
vie;b;200;64;2;4;0.8182;0.4210
vie;b;200;64;2;8;0.8214;0.4227
vie;b;200;64;3;2;0.8823;0.4018
vie;b;200;64;3;4;0.8646;0.4146
vie;b;200;64;3;8;0.8836;0.4338
vie;b;200;128;2;2;0.8131;0.3923
vie;b;200;128;2;4;0.8286;0.4129
vie;b;200;128;2;8;0.8387;0.4239
vie;b;200;128;3;2;0.8551;0.4069
vie;b;200;128;3;4;0.8647;0.4169
vie;b;200;128;3;8;0.8645;0.4291
vie;b;200;200;2;2;0.8374;0.4213
vie;b;200;200;2;4;0.8152;0.4180
vie;b;200;200;2;8;0.8093;0.4275
vie;b;200;200;3;2;0.8590;0.4065
vie;b;200;200;3;4;0.8515;0.4349
vie;b;200;200;3;8;0.8767;0.4425
vie;b;200;300;2;2;0.8282;0.3933
vie;b;200;300;2;4;0.8373;0.4093
vie;b;200;300;2;8;0.8291;0.4096
vie;b;200;300;3;2;0.8549;0.4142
vie;b;200;300;3;4;0.8646;0.4192
vie;b;200;300;3;8;0.8644;0.4333
vie;b;64;64;2;2;0.5876;0.3839
vie;b;64;64;2;4;0.5861;0.3861
vie;b;64;64;2;8;0.5885;0.3855
vie;b;64;64;3;2;0.6023;0.3900
vie;b;64;64;3;4;0.6035;0.3837
vie;b;64;64;3;8;0.5985;0.3859
vie;b;64;128;2;2;0.5858;0.3843
vie;b;64;128;2;4;0.5884;0.3852
vie;b;64;128;2;8;0.5880;0.3867
vie;b;64;128;3;2;0.5968;0.3902
vie;b;64;128;3;4;0.6041;0.3892
vie;b;64;128;3;8;0.6004;0.3835
vie;b;64;200;2;2;0.5938;0.3868
vie;b;64;200;2;4;0.5933;0.3846
vie;b;64;200;2;8;0.5925;0.3870
vie;b;64;200;3;2;0.5951;0.3844
vie;b;64;200;3;4;0.5999;0.3862
vie;b;64;200;3;8;0.5965;0.3868
vie;b;64;300;2;2;0.5874;0.3845
vie;b;64;300;2;4;0.5880;0.3794
vie;b;64;300;2;8;0.6025;0.3897
vie;b;64;300;3;2;0.6063;0.3875
vie;b;64;300;3;4;0.6008;0.3862
vie;b;64;300;3;8;0.6009;0.3862
vie;b;128;64;2;2;0.6780;0.4025
vie;b;128;64;2;4;0.6706;0.4052
vie;b;128;64;2;8;0.6703;0.3971
vie;b;128;64;3;2;0.6813;0.3917
vie;b;128;64;3;4;0.7196;0.4184
vie;b;128;64;3;8;0.7146;0.4007
vie;b;128;128;2;2;0.6833;0.4080
vie;b;128;128;2;4;0.6856;0.3982
vie;b;128;128;2;8;0.6773;0.3995
vie;b;128;128;3;2;0.7373;0.4152
vie;b;128;128;3;4;0.7096;0.3985
vie;b;128;128;3;8;0.6920;0.3904
vie;b;128;200;2;2;0.6566;0.3906
vie;b;128;200;2;4;0.6548;0.3985
vie;b;128;200;2;8;0.6558;0.3868
vie;b;128;200;3;2;0.7222;0.4166
vie;b;128;200;3;4;0.7181;0.4146
vie;b;128;200;3;8;0.6787;0.3959
vie;b;128;300;2;2;0.6899;0.3868
vie;b;128;300;2;4;0.6660;0.3973
vie;b;128;300;2;8;0.6897;0.3974
vie;b;128;300;3;2;0.7207;0.3826
vie;b;128;300;3;4;0.7028;0.4060
vie;b;128;300;3;8;0.7215;0.4110
vie;b;200;64;2;2;0.8079;0.4084
vie;b;200;64;2;4;0.8416;0.4366
vie;b;200;64;2;8;0.7996;0.4217
vie;b;200;64;3;2;0.8484;0.4052
vie;b;200;64;3;4;0.8628;0.4300
vie;b;200;64;3;8;0.8513;0.4287
vie;b;200;128;2;2;0.8245;0.4027
vie;b;200;128;2;4;0.7884;0.3899
vie;b;200;128;2;8;0.8233;0.4311
vie;b;200;128;3;2;0.8602;0.4182
vie;b;200;128;3;4;0.8632;0.4213
vie;b;200;128;3;8;0.8690;0.4180
vie;b;200;200;2;2;0.8236;0.4169
vie;b;200;200;2;4;0.8287;0.4200
vie;b;200;200;2;8;0.8233;0.4184
vie;b;200;200;3;2;0.8630;0.4197
vie;b;200;200;3;4;0.8466;0.4252
vie;b;200;200;3;8;0.8601;0.4177
vie;b;200;300;2;2;0.8185;0.4157
vie;b;200;300;2;4;0.8389;0.4140
vie;b;200;300;2;8;0.8252;0.4191
vie;b;200;300;3;2;0.8605;0.4127
vie;b;200;300;3;4;0.8562;0.4313
vie;b;200;300;3;8;0.8456;0.4148
vie;b;64;64;2;2;0.5844;0.3859
vie;b;64;64;2;4;0.5910;0.3868
vie;b;64;64;2;8;0.5926;0.3856
vie;b;64;64;3;2;0.5997;0.3836
vie;b;64;64;3;4;0.5961;0.3901
vie;b;64;64;3;8;0.5913;0.3896
vie;b;64;128;2;2;0.5902;0.3862
vie;b;64;128;2;4;0.5946;0.3879
vie;b;64;128;2;8;0.5891;0.3841
vie;b;64;128;3;2;0.6130;0.3977
vie;b;64;128;3;4;0.5965;0.3874
vie;b;64;128;3;8;0.5995;0.3891
vie;b;64;200;2;2;0.5870;0.3862
vie;b;64;200;2;4;0.5896;0.3798
vie;b;64;200;2;8;0.5857;0.3862
vie;b;64;200;3;2;0.6070;0.3899
vie;b;64;200;3;4;0.5994;0.3897
vie;b;64;200;3;8;0.5946;0.3805
vie;b;64;300;2;2;0.5959;0.3868
vie;b;64;300;2;4;0.5935;0.3822
vie;b;64;300;2;8;0.5932;0.3855
vie;b;64;300;3;2;0.6035;0.3872
vie;b;64;300;3;4;0.6013;0.3892
vie;b;64;300;3;8;0.6010;0.3872
vie;b;128;64;2;2;0.6852;0.4065
vie;b;128;64;2;4;0.7050;0.3990
vie;b;128;64;2;8;0.6584;0.3985
vie;b;128;64;3;2;0.7067;0.4038
vie;b;128;64;3;4;0.6960;0.4040
vie;b;128;64;3;8;0.7067;0.4116
vie;b;128;128;2;2;0.6625;0.3897
vie;b;128;128;2;4;0.6552;0.3889
vie;b;128;128;2;8;0.6496;0.3948
vie;b;128;128;3;2;0.7097;0.3950
vie;b;128;128;3;4;0.7179;0.4050
vie;b;128;128;3;8;0.7028;0.3987
vie;b;128;200;2;2;0.6949;0.4031
vie;b;128;200;2;4;0.6932;0.3974
vie;b;128;200;2;8;0.6741;0.3983
vie;b;128;200;3;2;0.7200;0.4040
vie;b;128;200;3;4;0.7026;0.4046
vie;b;128;200;3;8;0.7014;0.3872
vie;b;128;300;2;2;0.6777;0.3987
vie;b;128;300;2;4;0.6470;0.3827
vie;b;128;300;2;8;0.6752;0.3963
vie;b;128;300;3;2;0.7400;0.4070
vie;b;128;300;3;4;0.7245;0.4140
vie;b;128;300;3;8;0.7117;0.4033
vie;b;200;64;2;2;0.8251;0.4036
vie;b;200;64;2;4;0.8120;0.4102
vie;b;200;64;2;8;0.8188;0.4158
vie;b;200;64;3;2;0.8599;0.4228
vie;b;200;64;3;4;0.8427;0.4148
vie;b;200;64;3;8;0.8610;0.4307
vie;b;200;128;2;2;0.8202;0.4185
vie;b;200;128;2;4;0.8012;0.3989
vie;b;200;128;2;8;0.8150;0.4179
vie;b;200;128;3;2;0.8723;0.4144
vie;b;200;128;3;4;0.8585;0.4148
vie;b;200;128;3;8;0.8548;0.4321
vie;b;200;200;2;2;0.7998;0.4010
vie;b;200;200;2;4;0.8342;0.4264
vie;b;200;200;2;8;0.8192;0.4122
vie;b;200;200;3;2;0.8652;0.4260
vie;b;200;200;3;4;0.8606;0.4233
vie;b;200;200;3;8;0.8603;0.4282
vie;b;200;300;2;2;0.8106;0.4037
vie;b;200;300;2;4;0.8339;0.4237
vie;b;200;300;2;8;0.8333;0.4204
vie;b;200;300;3;2;0.8431;0.3968
vie;b;200;300;3;4;0.8717;0.4228
vie;b;200;300;3;8;0.8539;0.4325
vie;bx;64;64;2;2;0.5896;0.3813
vie;bx;64;64;2;4;0.5909;0.3854
vie;bx;64;64;2;2;0.5921;0.3868
vie;bx;64;64;2;4;0.5949;0.3948
vie;bx;64;64;2;8;0.5862;0.3858
vie;bx;64;64;3;2;0.5917;0.3900
vie;bx;64;64;3;4;0.5970;0.4009
vie;bx;64;64;3;8;0.5965;0.3923
vie;bx;64;128;2;2;0.5939;0.3937
vie;bx;64;128;2;4;0.5940;0.3893
vie;bx;64;128;2;8;0.5944;0.3928
vie;bx;64;128;3;2;0.5996;0.3846
vie;bx;64;128;3;4;0.6002;0.3888
vie;bx;64;128;3;8;0.5973;0.3959
vie;bx;64;200;2;2;0.5963;0.3930
vie;bx;64;200;2;4;0.5930;0.3861
vie;bx;64;200;2;8;0.5910;0.3860
vie;bx;64;200;3;2;0.5971;0.3857
vie;bx;64;200;3;4;0.6039;0.4014
vie;bx;64;200;3;8;0.5994;0.3941
vie;bx;64;300;2;2;0.5968;0.3892
vie;bx;64;300;2;4;0.5936;0.3983
vie;bx;64;300;2;8;0.5977;0.3938
vie;bx;64;300;3;2;0.6000;0.3927
vie;bx;64;300;3;4;0.6069;0.3944
vie;bx;64;300;3;8;0.6004;0.3893
vie;bx;128;64;2;2;0.6790;0.4182
vie;bx;128;64;2;4;0.6523;0.3886
vie;bx;128;64;2;8;0.6682;0.4141
vie;bx;128;64;3;2;0.7398;0.4210
vie;bx;128;64;3;4;0.7159;0.4025
vie;bx;128;64;3;8;0.7203;0.4089
vie;bx;128;128;2;2;0.7015;0.3941
vie;bx;128;128;2;4;0.6745;0.4084
vie;bx;128;128;2;8;0.6408;0.3866
vie;bx;128;128;3;2;0.7244;0.4085
vie;bx;128;128;3;4;0.7005;0.4111
vie;bx;128;128;3;8;0.7060;0.4094
vie;bx;128;200;2;2;0.6691;0.4037
vie;bx;128;200;2;4;0.6652;0.4027
vie;bx;128;200;2;8;0.6942;0.4073
vie;bx;128;200;3;2;0.7121;0.3902
vie;bx;128;200;3;4;0.7144;0.3976
vie;bx;128;200;3;8;0.7053;0.4064
vie;bx;128;300;2;2;0.6878;0.4028
vie;bx;128;300;2;4;0.6735;0.3906
vie;bx;128;300;2;8;0.6887;0.4082
vie;bx;128;300;3;2;0.7399;0.4083
vie;bx;128;300;3;4;0.7103;0.4086
vie;bx;128;300;3;8;0.7184;0.4074
vie;bx;200;64;2;2;0.8367;0.4148
vie;bx;200;64;2;4;0.8238;0.3980
vie;bx;200;64;2;8;0.8003;0.4100
vie;bx;200;64;3;2;0.8529;0.4114
vie;bx;200;64;3;4;0.8601;0.4318
vie;bx;200;64;3;8;0.8611;0.4204
vie;bx;200;128;2;2;0.8352;0.3999
vie;bx;200;128;2;4;0.8302;0.4213
vie;bx;200;128;2;8;0.8353;0.4274
vie;bx;200;128;3;2;0.8618;0.4156
vie;bx;200;128;3;4;0.8817;0.4352
vie;bx;200;128;3;8;0.8723;0.4268
vie;bx;200;200;2;2;0.8111;0.4020
vie;bx;200;200;2;4;0.8221;0.4116
vie;bx;200;200;2;8;0.8419;0.4218
vie;bx;200;200;3;2;0.8714;0.4261
vie;bx;200;200;3;4;0.8638;0.4130
vie;bx;200;200;3;8;0.8559;0.4377
vie;bx;200;300;2;2;0.7946;0.3758
vie;bx;200;300;2;4;0.8489;0.4274
vie;bx;200;300;2;8;0.8163;0.3990
vie;bx;200;300;3;2;0.8527;0.4288
vie;bx;200;300;3;4;0.8657;0.4330
vie;bx;200;300;3;8;0.8801;0.4350
vie;bx;64;64;2;2;0.5895;0.3824
vie;bx;64;64;2;4;0.5916;0.4031
vie;bx;64;64;2;8;0.5889;0.3877
vie;bx;64;64;3;2;0.5947;0.3899
vie;bx;64;64;3;4;0.5935;0.3923
vie;bx;64;64;3;8;0.5955;0.3915
vie;bx;64;128;2;2;0.5961;0.3829
vie;bx;64;128;2;4;0.5889;0.3864
vie;bx;64;128;2;8;0.5876;0.3864
vie;bx;64;128;3;2;0.5957;0.3893
vie;bx;64;128;3;4;0.5927;0.3914
vie;bx;64;128;3;8;0.6021;0.3872
vie;bx;64;200;2;2;0.5895;0.3884
vie;bx;64;200;2;4;0.5946;0.3941
vie;bx;64;200;2;8;0.5926;0.3886
vie;bx;64;200;3;2;0.6011;0.4024
vie;bx;64;200;3;4;0.5974;0.3914
vie;bx;64;200;3;8;0.5998;0.3892
vie;bx;64;300;2;2;0.5928;0.3936
vie;bx;64;300;2;4;0.5904;0.3884
vie;bx;64;300;2;8;0.5920;0.3855
vie;bx;64;300;3;2;0.6065;0.3946
vie;bx;64;300;3;4;0.6063;0.3915
vie;bx;64;300;3;8;0.6031;0.3860
vie;bx;128;64;2;2;0.6744;0.3951
vie;bx;128;64;2;4;0.6815;0.3989
vie;bx;128;64;2;8;0.6731;0.3922
vie;bx;128;64;3;2;0.6880;0.4020
vie;bx;128;64;3;4;0.7020;0.4071
vie;bx;128;64;3;8;0.7184;0.4049
vie;bx;128;128;2;2;0.6720;0.3980
vie;bx;128;128;2;4;0.6840;0.4007
vie;bx;128;128;2;8;0.6649;0.4008
vie;bx;128;128;3;2;0.6978;0.3893
vie;bx;128;128;3;4;0.6971;0.4077
vie;bx;128;128;3;8;0.7124;0.4041
vie;bx;128;200;2;2;0.6884;0.3991
vie;bx;128;200;2;4;0.7026;0.4088
vie;bx;128;200;2;8;0.6849;0.3982
vie;bx;128;200;3;2;0.6906;0.3942
vie;bx;128;200;3;4;0.7137;0.4012
vie;bx;128;200;3;8;0.7306;0.4045
vie;bx;128;300;2;2;0.6946;0.3963
vie;bx;128;300;2;4;0.6955;0.3978
vie;bx;128;300;2;8;0.6740;0.3957
vie;bx;128;300;3;2;0.7441;0.3917
vie;bx;128;300;3;4;0.7199;0.4170
vie;bx;128;300;3;8;0.7095;0.4125
vie;bx;200;64;2;2;0.8244;0.4081
vie;bx;200;64;2;4;0.8375;0.4098
vie;bx;200;64;2;8;0.8149;0.4235
vie;bx;200;64;3;2;0.8643;0.4160
vie;bx;200;64;3;4;0.8638;0.4230
vie;bx;200;64;3;8;0.8436;0.4257
vie;bx;200;128;2;2;0.8142;0.4085
vie;bx;200;128;2;4;0.8276;0.4155
vie;bx;200;128;2;8;0.8518;0.4283
vie;bx;200;128;3;2;0.8484;0.4224
vie;bx;200;128;3;4;0.8694;0.4326
vie;bx;200;128;3;8;0.8600;0.4254
vie;bx;200;200;2;2;0.8198;0.4040
vie;bx;200;200;2;4;0.7924;0.4113
vie;bx;200;200;2;8;0.8268;0.4213
vie;bx;200;200;3;2;0.8439;0.4049
vie;bx;200;200;3;4;0.8603;0.4095
vie;bx;200;200;3;8;0.8700;0.4325
vie;bx;200;300;2;2;0.8397;0.4136
vie;bx;200;300;2;4;0.8400;0.4232
vie;bx;200;300;2;8;0.8239;0.4193
vie;bx;200;300;3;2;0.8719;0.4197
vie;bx;200;300;3;4;0.8524;0.4212
vie;bx;200;300;3;8;0.8652;0.4400
vie;bx;64;64;2;2;0.5922;0.3988
vie;bx;64;64;2;4;0.5964;0.4096
vie;bx;64;64;2;8;0.5928;0.3883
vie;bx;64;64;3;2;0.5957;0.3914
vie;bx;64;64;3;4;0.5997;0.3981
vie;bx;64;64;3;8;0.5939;0.3906
vie;bx;64;128;2;2;0.6043;0.3908
vie;bx;64;128;2;4;0.5901;0.3920
vie;bx;64;128;2;8;0.5900;0.3951
vie;bx;64;128;3;2;0.6003;0.4027
vie;bx;64;128;3;4;0.5975;0.3850
vie;bx;64;128;3;8;0.5918;0.3804
vie;bx;64;200;2;2;0.5979;0.3875
vie;bx;64;200;2;4;0.5989;0.3956
vie;bx;64;200;2;8;0.5882;0.3896
vie;bx;64;200;3;2;0.6012;0.3929
vie;bx;64;200;3;4;0.6032;0.3882
vie;bx;64;200;3;8;0.5943;0.3874
vie;bx;64;300;2;2;0.5989;0.3910
vie;bx;64;300;2;4;0.5912;0.3928
vie;bx;64;300;2;8;0.5895;0.3889
vie;bx;64;300;3;2;0.6111;0.3937
vie;bx;64;300;3;4;0.5905;0.3851
vie;bx;64;300;3;8;0.6025;0.3894
vie;bx;128;64;2;2;0.6732;0.4133
vie;bx;128;64;2;4;0.6769;0.3857
vie;bx;128;64;2;8;0.6690;0.3929
vie;bx;128;64;3;2;0.7159;0.3992
vie;bx;128;64;3;4;0.6952;0.4020
vie;bx;128;64;3;8;0.7046;0.4111
vie;bx;128;128;2;2;0.6582;0.3882
vie;bx;128;128;2;4;0.6767;0.3952
vie;bx;128;128;2;8;0.6666;0.3935
vie;bx;128;128;3;2;0.7447;0.4147
vie;bx;128;128;3;4;0.7087;0.4063
vie;bx;128;128;3;8;0.7058;0.4062
vie;bx;128;200;2;2;0.6844;0.4006
vie;bx;128;200;2;4;0.6752;0.3959
vie;bx;128;200;2;8;0.6553;0.4000
vie;bx;128;200;3;2;0.7116;0.4014
vie;bx;128;200;3;4;0.7043;0.4174
vie;bx;128;200;3;8;0.7228;0.4048
vie;bx;128;300;2;2;0.6892;0.3840
vie;bx;128;300;2;4;0.6791;0.3985
vie;bx;128;300;2;8;0.7035;0.4120
vie;bx;128;300;3;2;0.7519;0.4176
vie;bx;128;300;3;4;0.7013;0.3877
vie;bx;128;300;3;8;0.7041;0.4018
vie;bx;200;64;2;2;0.8368;0.4189
vie;bx;200;64;2;4;0.8225;0.4124
vie;bx;200;64;2;8;0.8009;0.4316
vie;bx;200;64;3;2;0.8620;0.4259
vie;bx;200;64;3;4;0.8636;0.4281
vie;bx;200;64;3;8;0.8649;0.4352
vie;bx;200;128;2;2;0.8306;0.4169
vie;bx;200;128;2;4;0.8378;0.4279
vie;bx;200;128;2;8;0.8066;0.4244
vie;bx;200;128;3;2;0.8553;0.4067
vie;bx;200;128;3;4;0.8686;0.4345
vie;bx;200;128;3;8;0.8380;0.4296
vie;bx;200;200;2;2;0.8179;0.3909
vie;bx;200;200;2;4;0.8250;0.4246
vie;bx;200;200;2;8;0.8255;0.4272
vie;bx;200;200;3;2;0.8662;0.4228
vie;bx;200;200;3;4;0.8628;0.4284
vie;bx;200;200;3;8;0.8639;0.4255
vie;bx;200;300;2;2;0.8000;0.4105
vie;bx;200;300;2;4;0.8233;0.4230
vie;bx;200;300;2;8;0.8279;0.4239
vie;bx;200;300;3;2;0.8738;0.4180
vie;bx;200;300;3;4;0.8816;0.4193
vie;bx;200;300;3;8;0.8279;0.4304
eng;bx;64;64;2;2;0.8668;0.5652
eng;bx;64;64;2;4;0.8916;0.6030
eng;bx;64;64;2;8;0.8867;0.5878
eng;bx;64;64;3;2;0.9114;0.6159
eng;bx;64;64;3;4;0.9260;0.6236
eng;bx;64;64;3;8;0.9402;0.6356
eng;bx;64;128;2;2;0.8761;0.5762
eng;bx;64;128;2;4;0.9093;0.6122
eng;bx;64;128;2;8;0.9212;0.6236
eng;bx;64;128;3;2;0.9163;0.6087
eng;bx;64;128;3;4;0.9249;0.6265
eng;bx;64;128;3;8;0.9344;0.6288
eng;bx;64;200;2;2;0.8905;0.5934
eng;bx;64;200;2;4;0.9182;0.6177
eng;bx;64;200;2;8;0.9134;0.6104
eng;bx;64;200;3;2;0.9138;0.6159
eng;bx;64;200;3;4;0.9267;0.6313
eng;bx;64;200;3;8;0.9317;0.6312
eng;bx;64;300;2;2;0.8851;0.5962
eng;bx;64;300;2;4;0.9143;0.6164
eng;bx;64;300;2;8;0.9114;0.6067
eng;bx;64;300;3;2;0.9105;0.5995
eng;bx;64;300;3;4;0.9361;0.6339
eng;bx;64;300;3;8;0.9322;0.6284
eng;bx;128;64;2;2;0.9555;0.5960
eng;bx;128;64;2;4;0.9710;0.6170
eng;bx;128;64;2;8;0.9817;0.6466
eng;bx;128;64;3;2;0.9701;0.6283
eng;bx;128;64;3;4;0.9789;0.6381
eng;bx;128;64;3;8;0.9866;0.6558
eng;bx;128;128;2;2;0.9438;0.5938
eng;bx;128;128;2;4;0.9707;0.6267
eng;bx;128;128;2;8;0.9789;0.6407
eng;bx;128;128;3;2;0.9741;0.6327
eng;bx;128;128;3;4;0.9823;0.6490
eng;bx;128;128;3;8;0.9867;0.6573
eng;bx;128;200;2;2;0.9466;0.5966
eng;bx;128;200;2;4;0.9677;0.6278
eng;bx;128;200;2;8;0.9830;0.6456
eng;bx;128;200;3;2;0.9755;0.6299
eng;bx;128;200;3;4;0.9821;0.6550
eng;bx;128;200;3;8;0.9854;0.6551
eng;bx;128;300;2;2;0.9642;0.6194
eng;bx;128;300;2;4;0.9719;0.6250
eng;bx;128;300;2;8;0.9832;0.6465
eng;bx;128;300;3;2;0.9748;0.6335
eng;bx;128;300;3;4;0.9846;0.6544
eng;bx;128;300;3;8;0.9889;0.6582
eng;bx;200;64;2;2;0.9797;0.6003
eng;bx;200;64;2;4;0.9887;0.6330
eng;bx;200;64;2;8;0.9944;0.6481
eng;bx;200;64;3;2;0.9876;0.6217
eng;bx;200;64;3;4;0.9939;0.6592
eng;bx;200;64;3;8;0.9964;0.6684
eng;bx;200;128;2;2;0.9754;0.5958
eng;bx;200;128;2;4;0.9893;0.6395
eng;bx;200;128;2;8;0.9942;0.6595
eng;bx;200;128;3;2;0.9907;0.6462
eng;bx;200;128;3;4;0.9954;0.6568
eng;bx;200;128;3;8;0.9958;0.6620
eng;bx;200;200;2;2;0.9756;0.5990
eng;bx;200;200;2;4;0.9902;0.6348
eng;bx;200;200;2;8;0.9940;0.6400
eng;bx;200;200;3;2;0.9890;0.6272
eng;bx;200;200;3;4;0.9947;0.6573
eng;bx;200;200;3;8;0.9961;0.6616
eng;bx;200;300;2;2;0.9810;0.6052
eng;bx;200;300;2;4;0.9891;0.6307
eng;bx;200;300;2;8;0.9941;0.6523
eng;bx;200;300;3;2;0.9896;0.6467
eng;bx;200;300;3;4;0.9954;0.6658
eng;bx;200;300;3;8;0.9963;0.6624
eng;bx;64;64;2;2;0.8688;0.5750
eng;bx;64;64;2;4;0.9103;0.6118
eng;bx;64;64;2;8;0.9063;0.6057
eng;bx;64;64;3;2;0.9035;0.6108
eng;bx;64;64;3;4;0.9155;0.6217
eng;bx;64;64;3;8;0.9387;0.6328
eng;bx;64;128;2;2;0.8720;0.5657
eng;bx;64;128;2;4;0.8970;0.5926
eng;bx;64;128;2;8;0.9162;0.6191
eng;bx;64;128;3;2;0.9029;0.6028
eng;bx;64;128;3;4;0.9232;0.6131
eng;bx;64;128;3;8;0.9448;0.6379
eng;bx;64;200;2;2;0.8916;0.5891
eng;bx;64;200;2;4;0.9019;0.5994
eng;bx;64;200;2;8;0.9249;0.6113
eng;bx;64;200;3;2;0.9139;0.6168
eng;bx;64;200;3;4;0.9357;0.6282
eng;bx;64;200;3;8;0.9280;0.6289
eng;bx;64;300;2;2;0.8895;0.5846
eng;bx;64;300;2;4;0.8951;0.5915
eng;bx;64;300;2;8;0.9161;0.6165
eng;bx;64;300;3;2;0.9183;0.6073
eng;bx;64;300;3;4;0.9326;0.6335
eng;bx;64;300;3;8;0.9394;0.6322
eng;bx;128;64;2;2;0.9373;0.5745
eng;bx;128;64;2;4;0.9717;0.6225
eng;bx;128;64;2;8;0.9808;0.6307
eng;bx;128;64;3;2;0.9680;0.6233
eng;bx;128;64;3;4;0.9810;0.6504
eng;bx;128;64;3;8;0.9874;0.6628
eng;bx;128;128;2;2;0.9465;0.5842
eng;bx;128;128;2;4;0.9717;0.6299
eng;bx;128;128;2;8;0.9811;0.6417
eng;bx;128;128;3;2;0.9732;0.6332
eng;bx;128;128;3;4;0.9843;0.6474
eng;bx;128;128;3;8;0.9854;0.6535
eng;bx;128;200;2;2;0.9454;0.5738
eng;bx;128;200;2;4;0.9735;0.6280
eng;bx;128;200;2;8;0.9811;0.6430
eng;bx;128;200;3;2;0.9702;0.6238
eng;bx;128;200;3;4;0.9851;0.6510
eng;bx;128;200;3;8;0.9879;0.6573
eng;bx;128;300;2;2;0.9487;0.5882
eng;bx;128;300;2;4;0.9757;0.6291
eng;bx;128;300;2;8;0.9821;0.6492
eng;bx;128;300;3;2;0.9739;0.6347
eng;bx;128;300;3;4;0.9827;0.6496
eng;bx;128;300;3;8;0.9862;0.6582
eng;bx;200;64;2;2;0.9788;0.5937
eng;bx;200;64;2;4;0.9901;0.6282
eng;bx;200;64;2;8;0.9937;0.6478
eng;bx;200;64;3;2;0.9886;0.6187
eng;bx;200;64;3;4;0.9943;0.6581
eng;bx;200;64;3;8;0.9964;0.6623
eng;bx;200;128;2;2;0.9801;0.5947
eng;bx;200;128;2;4;0.9893;0.6339
eng;bx;200;128;2;8;0.9943;0.6518
eng;bx;200;128;3;2;0.9870;0.6222
eng;bx;200;128;3;4;0.9945;0.6529
eng;bx;200;128;3;8;0.9961;0.6637
eng;bx;200;200;2;2;0.9721;0.5738
eng;bx;200;200;2;4;0.9894;0.6369
eng;bx;200;200;2;8;0.9932;0.6508
eng;bx;200;200;3;2;0.9903;0.6310
eng;bx;200;200;3;4;0.9950;0.6591
eng;bx;200;200;3;8;0.9965;0.6655
eng;bx;200;300;2;2;0.9777;0.6115
eng;bx;200;300;2;4;0.9919;0.6431
eng;bx;200;300;2;8;0.9949;0.6507
eng;bx;200;300;3;2;0.9896;0.6412
eng;bx;200;300;3;4;0.9946;0.6508
eng;bx;200;300;3;8;0.9967;0.6704
eng;bx;64;64;2;2;0.8608;0.5626
eng;bx;64;64;2;4;0.8936;0.5947
eng;bx;64;64;2;8;0.9168;0.6161
eng;bx;64;64;3;2;0.9039;0.6077
eng;bx;64;64;3;4;0.9300;0.6241
eng;bx;64;64;3;8;0.9412;0.6351
eng;bx;64;128;2;2;0.8659;0.5702
eng;bx;64;128;2;4;0.9146;0.6088
eng;bx;64;128;2;8;0.8999;0.6073
eng;bx;64;128;3;2;0.9120;0.6097
eng;bx;64;128;3;4;0.9233;0.6178
eng;bx;64;128;3;8;0.9344;0.6291
eng;bx;64;200;2;2;0.8675;0.5667
eng;bx;64;200;2;4;0.8963;0.5956
eng;bx;64;200;2;8;0.9207;0.6162
eng;bx;64;200;3;2;0.8934;0.5856
eng;bx;64;200;3;4;0.9377;0.6267
eng;bx;64;200;3;8;0.9377;0.6316
eng;bx;64;300;2;2;0.8830;0.5708
eng;bx;64;300;2;4;0.9239;0.6106
eng;bx;64;300;2;8;0.9216;0.6185
eng;bx;64;300;3;2;0.9214;0.6110
eng;bx;64;300;3;4;0.9366;0.6324
eng;bx;64;300;3;8;0.9371;0.6370
eng;bx;128;64;2;2;0.9367;0.5795
eng;bx;128;64;2;4;0.9699;0.6265
eng;bx;128;64;2;8;0.9803;0.6407
eng;bx;128;64;3;2;0.9677;0.6126
eng;bx;128;64;3;4;0.9821;0.6519
eng;bx;128;64;3;8;0.9879;0.6563
eng;bx;128;128;2;2;0.9497;0.5958
eng;bx;128;128;2;4;0.9700;0.6313
eng;bx;128;128;2;8;0.9751;0.6377
eng;bx;128;128;3;2;0.9704;0.6240
eng;bx;128;128;3;4;0.9843;0.6631
eng;bx;128;128;3;8;0.9877;0.6612
eng;bx;128;200;2;2;0.9530;0.5938
eng;bx;128;200;2;4;0.9704;0.6259
eng;bx;128;200;2;8;0.9822;0.6475
eng;bx;128;200;3;2;0.9739;0.6338
eng;bx;128;200;3;4;0.9820;0.6520
eng;bx;128;200;3;8;0.9880;0.6601
eng;bx;128;300;2;2;0.9543;0.5955
eng;bx;128;300;2;4;0.9720;0.6301
eng;bx;128;300;2;8;0.9854;0.6550
eng;bx;128;300;3;2;0.9655;0.6305
eng;bx;128;300;3;4;0.9837;0.6463
eng;bx;128;300;3;8;0.9883;0.6591
eng;bx;200;64;2;2;0.9701;0.5767
eng;bx;200;64;2;4;0.9895;0.6211
eng;bx;200;64;2;8;0.9934;0.6469
eng;bx;200;64;3;2;0.9862;0.6277
eng;bx;200;64;3;4;0.9935;0.6439
eng;bx;200;64;3;8;0.9958;0.6544
eng;bx;200;128;2;2;0.9796;0.5910
eng;bx;200;128;2;4;0.9884;0.6423
eng;bx;200;128;2;8;0.9939;0.6412
eng;bx;200;128;3;2;0.9904;0.6294
eng;bx;200;128;3;4;0.9956;0.6548
eng;bx;200;128;3;8;0.9963;0.6668
eng;bx;200;200;2;2;0.9761;0.5957
eng;bx;200;200;2;4;0.9900;0.6283
eng;bx;200;200;2;8;0.9947;0.6453
eng;bx;200;200;3;2;0.9895;0.6180
eng;bx;200;200;3;4;0.9943;0.6518
eng;bx;200;200;3;8;0.9965;0.6688
eng;bx;200;300;2;2;0.9811;0.5923
eng;bx;200;300;2;4;0.9911;0.6341
eng;bx;200;300;2;8;0.9949;0.6562
eng;bx;200;300;3;2;0.9880;0.6345
eng;bx;200;300;3;4;0.9952;0.6536
eng;bx;200;300;3;8;0.9965;0.6687
fra;bx;64;64;2;2;0.9458;0.6170
fra;bx;64;64;2;4;0.9522;0.6376
fra;bx;64;64;2;8;0.9762;0.6642
fra;bx;64;64;3;2;0.9746;0.6547
fra;bx;64;64;3;4;0.9778;0.6679
fra;bx;64;64;3;8;0.9811;0.6791
fra;bx;64;128;2;2;0.9550;0.6197
fra;bx;64;128;2;4;0.9681;0.6453
fra;bx;64;128;2;8;0.9675;0.6495
fra;bx;64;128;3;2;0.9738;0.6449
fra;bx;64;128;3;4;0.9838;0.6769
fra;bx;64;128;3;8;0.9807;0.6794
fra;bx;64;200;2;2;0.9606;0.6267
fra;bx;64;200;2;4;0.9690;0.6573
fra;bx;64;200;2;8;0.9753;0.6625
fra;bx;64;200;3;2;0.9673;0.6478
fra;bx;64;200;3;4;0.9800;0.6691
fra;bx;64;200;3;8;0.9846;0.6752
fra;bx;64;300;2;2;0.9535;0.6187
fra;bx;64;300;2;4;0.9716;0.6603
fra;bx;64;300;2;8;0.9832;0.6791
fra;bx;64;300;3;2;0.9664;0.6514
fra;bx;64;300;3;4;0.9733;0.6620
fra;bx;64;300;3;8;0.9846;0.6888
fra;bx;128;64;2;2;0.9885;0.6482
fra;bx;128;64;2;4;0.9951;0.6806
fra;bx;128;64;2;8;0.9968;0.6849
fra;bx;128;64;3;2;0.9949;0.6718
fra;bx;128;64;3;4;0.9970;0.6943
fra;bx;128;64;3;8;0.9977;0.6999
fra;bx;128;128;2;2;0.9888;0.6380
fra;bx;128;128;2;4;0.9952;0.6866
fra;bx;128;128;2;8;0.9960;0.6810
fra;bx;128;128;3;2;0.9937;0.6733
fra;bx;128;128;3;4;0.9967;0.6945
fra;bx;128;128;3;8;0.9980;0.6941
fra;bx;128;200;2;2;0.9900;0.6316
fra;bx;128;200;2;4;0.9944;0.6641
fra;bx;128;200;2;8;0.9971;0.6940
fra;bx;128;200;3;2;0.9941;0.6733
fra;bx;128;200;3;4;0.9971;0.6902
fra;bx;128;200;3;8;0.9973;0.7098
fra;bx;128;300;2;2;0.9891;0.6374
fra;bx;128;300;2;4;0.9952;0.6826
fra;bx;128;300;2;8;0.9972;0.6932
fra;bx;128;300;3;2;0.9943;0.6729
fra;bx;128;300;3;4;0.9963;0.6874
fra;bx;128;300;3;8;0.9979;0.7102
fra;bx;200;64;2;2;0.9941;0.6337
fra;bx;200;64;2;4;0.9987;0.6840
fra;bx;200;64;2;8;0.9989;0.7052
fra;bx;200;64;3;2;0.9977;0.6778
fra;bx;200;64;3;4;0.9989;0.7018
fra;bx;200;64;3;8;0.9993;0.7188
fra;bx;200;128;2;2;0.9955;0.6412
fra;bx;200;128;2;4;0.9984;0.6971
fra;bx;200;128;2;8;0.9992;0.7023
fra;bx;200;128;3;2;0.9974;0.6688
fra;bx;200;128;3;4;0.9987;0.7072
fra;bx;200;128;3;8;0.9993;0.7198
fra;bx;200;200;2;2;0.9962;0.6417
fra;bx;200;200;2;4;0.9984;0.6968
fra;bx;200;200;2;8;0.9993;0.7063
fra;bx;200;200;3;2;0.9983;0.6954
fra;bx;200;200;3;4;0.9988;0.7030
fra;bx;200;200;3;8;0.9990;0.7212
fra;bx;200;300;2;2;0.9954;0.6523
fra;bx;200;300;2;4;0.9983;0.6858
fra;bx;200;300;2;8;0.9986;0.7008
fra;bx;200;300;3;2;0.9979;0.6943
fra;bx;200;300;3;4;0.9989;0.7151
fra;bx;200;300;3;8;0.9990;0.7150
fra;bx;64;64;2;2;0.9546;0.6114
fra;bx;64;64;2;4;0.9608;0.6567
fra;bx;64;64;2;8;0.9660;0.6534
fra;bx;64;64;3;2;0.9688;0.6449
fra;bx;64;64;3;4;0.9777;0.6587
fra;bx;64;64;3;8;0.9711;0.6729
fra;bx;64;128;2;2;0.9505;0.6119
fra;bx;64;128;2;4;0.9735;0.6565
fra;bx;64;128;2;8;0.9765;0.6690
fra;bx;64;128;3;2;0.9630;0.6520
fra;bx;64;128;3;4;0.9823;0.6715
fra;bx;64;128;3;8;0.9825;0.6779
fra;bx;64;200;2;2;0.9541;0.6413
fra;bx;64;200;2;4;0.9624;0.6536
fra;bx;64;200;2;8;0.9797;0.6691
fra;bx;64;200;3;2;0.9742;0.6541
fra;bx;64;200;3;4;0.9777;0.6767
fra;bx;64;200;3;8;0.9807;0.6808
fra;bx;64;300;2;2;0.9605;0.6263
fra;bx;64;300;2;4;0.9666;0.6423
fra;bx;64;300;2;8;0.9740;0.6632
fra;bx;64;300;3;2;0.9727;0.6473
fra;bx;64;300;3;4;0.9711;0.6535
fra;bx;64;300;3;8;0.9813;0.6835
fra;bx;128;64;2;2;0.9865;0.6183
fra;bx;128;64;2;4;0.9945;0.6819
fra;bx;128;64;2;8;0.9969;0.6850
fra;bx;128;64;3;2;0.9936;0.6568
fra;bx;128;64;3;4;0.9967;0.6825
fra;bx;128;64;3;8;0.9973;0.7022
fra;bx;128;128;2;2;0.9825;0.6355
fra;bx;128;128;2;4;0.9941;0.6666
fra;bx;128;128;2;8;0.9970;0.6898
fra;bx;128;128;3;2;0.9948;0.6728
fra;bx;128;128;3;4;0.9966;0.6967
fra;bx;128;128;3;8;0.9977;0.6978
fra;bx;128;200;2;2;0.9903;0.6503
fra;bx;128;200;2;4;0.9958;0.6760
fra;bx;128;200;2;8;0.9966;0.6946
fra;bx;128;200;3;2;0.9947;0.6819
fra;bx;128;200;3;4;0.9969;0.6860
fra;bx;128;200;3;8;0.9976;0.7055
fra;bx;128;300;2;2;0.9890;0.6356
fra;bx;128;300;2;4;0.9946;0.6703
fra;bx;128;300;2;8;0.9978;0.6960
fra;bx;128;300;3;2;0.9951;0.6723
fra;bx;128;300;3;4;0.9968;0.7062
fra;bx;128;300;3;8;0.9970;0.7138
fra;bx;200;64;2;2;0.9935;0.6362
fra;bx;200;64;2;4;0.9977;0.6774
fra;bx;200;64;2;8;0.9988;0.6954
fra;bx;200;64;3;2;0.9978;0.6861
fra;bx;200;64;3;4;0.9988;0.7079
fra;bx;200;64;3;8;0.9992;0.7160
fra;bx;200;128;2;2;0.9956;0.6431
fra;bx;200;128;2;4;0.9980;0.6620
fra;bx;200;128;2;8;0.9992;0.7128
fra;bx;200;128;3;2;0.9983;0.6804
fra;bx;200;128;3;4;0.9987;0.7042
fra;bx;200;128;3;8;0.9993;0.7162
fra;bx;200;200;2;2;0.9955;0.6437
fra;bx;200;200;2;4;0.9986;0.6941
fra;bx;200;200;2;8;0.9989;0.6915
fra;bx;200;200;3;2;0.9980;0.6882
fra;bx;200;200;3;4;0.9988;0.7083
fra;bx;200;200;3;8;0.9991;0.7168
fra;bx;200;300;2;2;0.9953;0.6473
fra;bx;200;300;2;4;0.9982;0.6985
fra;bx;200;300;2;8;0.9990;0.7032
fra;bx;200;300;3;2;0.9978;0.6729
fra;bx;200;300;3;4;0.9986;0.7043
fra;bx;200;300;3;8;0.9989;0.7229
fra;bx;64;64;2;2;0.9567;0.6197
fra;bx;64;64;2;4;0.9657;0.6465
fra;bx;64;64;2;8;0.9706;0.6580
fra;bx;64;64;3;2;0.9691;0.6467
fra;bx;64;64;3;4;0.9767;0.6724
fra;bx;64;64;3;8;0.9820;0.6719
fra;bx;64;128;2;2;0.9531;0.6278
fra;bx;64;128;2;4;0.9678;0.6554
fra;bx;64;128;2;8;0.9809;0.6734
fra;bx;64;128;3;2;0.9580;0.6328
fra;bx;64;128;3;4;0.9786;0.6788
fra;bx;64;128;3;8;0.9821;0.6795
fra;bx;64;200;2;2;0.9493;0.6124
fra;bx;64;200;2;4;0.9506;0.6400
fra;bx;64;200;2;8;0.9782;0.6746
fra;bx;64;200;3;2;0.9743;0.6529
fra;bx;64;200;3;4;0.9828;0.6822
fra;bx;64;200;3;8;0.9863;0.6764
fra;bx;64;300;2;2;0.9516;0.6184
fra;bx;64;300;2;4;0.9483;0.6290
fra;bx;64;300;2;8;0.9707;0.6724
fra;bx;64;300;3;2;0.9670;0.6360
fra;bx;64;300;3;4;0.9700;0.6527
fra;bx;64;300;3;8;0.9860;0.6844
fra;bx;128;64;2;2;0.9911;0.6451
fra;bx;128;64;2;4;0.9951;0.6875
fra;bx;128;64;2;8;0.9960;0.6899
fra;bx;128;64;3;2;0.9948;0.6652
fra;bx;128;64;3;4;0.9966;0.6891
fra;bx;128;64;3;8;0.9975;0.6974
fra;bx;128;128;2;2;0.9895;0.6554
fra;bx;128;128;2;4;0.9960;0.6738
fra;bx;128;128;2;8;0.9965;0.6890
fra;bx;128;128;3;2;0.9945;0.6637
fra;bx;128;128;3;4;0.9971;0.6977
fra;bx;128;128;3;8;0.9973;0.7036
fra;bx;128;200;2;2;0.9907;0.6444
fra;bx;128;200;2;4;0.9948;0.6700
fra;bx;128;200;2;8;0.9962;0.6976
fra;bx;128;200;3;2;0.9938;0.6775
fra;bx;128;200;3;4;0.9968;0.6979
fra;bx;128;200;3;8;0.9977;0.7036
fra;bx;128;300;2;2;0.9911;0.6466
fra;bx;128;300;2;4;0.9948;0.6883
fra;bx;128;300;2;8;0.9966;0.6929
fra;bx;128;300;3;2;0.9950;0.6740
fra;bx;128;300;3;4;0.9970;0.6968
fra;bx;128;300;3;8;0.9977;0.7017
fra;bx;200;64;2;2;0.9958;0.6381
fra;bx;200;64;2;4;0.9982;0.6799
fra;bx;200;64;2;8;0.9990;0.7090
fra;bx;200;64;3;2;0.9981;0.6726
fra;bx;200;64;3;4;0.9989;0.7063
fra;bx;200;64;3;8;0.9992;0.7143
fra;bx;200;128;2;2;0.9962;0.6504
fra;bx;200;128;2;4;0.9978;0.6869
fra;bx;200;128;2;8;0.9990;0.7007
fra;bx;200;128;3;2;0.9976;0.6763
fra;bx;200;128;3;4;0.9990;0.7018
fra;bx;200;128;3;8;0.9990;0.7087
fra;bx;200;200;2;2;0.9956;0.6503
fra;bx;200;200;2;4;0.9982;0.6847
fra;bx;200;200;2;8;0.9990;0.7026
fra;bx;200;200;3;2;0.9981;0.6993
fra;bx;200;200;3;4;0.9989;0.7073
fra;bx;200;200;3;8;0.9992;0.7147
fra;bx;200;300;2;2;0.9958;0.6571
fra;bx;200;300;2;4;0.9983;0.6976
fra;bx;200;300;2;8;0.9991;0.7085
fra;bx;200;300;3;2;0.9982;0.6902
fra;bx;200;300;3;4;0.9988;0.7135
fra;bx;200;300;3;8;0.9990;0.7174
ind;bx;64;64;2;2;0.8028;0.5326
ind;bx;64;64;2;4;0.8291;0.5477
ind;bx;64;64;2;8;0.8363;0.5713
ind;bx;64;64;3;2;0.8318;0.5605
ind;bx;64;64;3;4;0.8542;0.5864
ind;bx;64;64;3;8;0.8349;0.5650
ind;bx;64;128;2;2;0.8222;0.5531
ind;bx;64;128;2;4;0.8121;0.5516
ind;bx;64;128;2;8;0.8403;0.5689
ind;bx;64;128;3;2;0.8209;0.5519
ind;bx;64;128;3;4;0.8455;0.5649
ind;bx;64;128;3;8;0.8379;0.5739
ind;bx;64;200;2;2;0.8132;0.5492
ind;bx;64;200;2;4;0.8294;0.5575
ind;bx;64;200;2;8;0.8285;0.5668
ind;bx;64;200;3;2;0.8331;0.5656
ind;bx;64;200;3;4;0.8519;0.5879
ind;bx;64;200;3;8;0.8512;0.5709
ind;bx;64;300;2;2;0.8137;0.5445
ind;bx;64;300;2;4;0.8397;0.5650
ind;bx;64;300;2;8;0.8539;0.5784
ind;bx;64;300;3;2;0.8348;0.5641
ind;bx;64;300;3;4;0.8640;0.5866
ind;bx;64;300;3;8;0.8622;0.6018
ind;bx;128;64;2;2;0.9164;0.5938
ind;bx;128;64;2;4;0.9261;0.6235
ind;bx;128;64;2;8;0.9371;0.6338
ind;bx;128;64;3;2;0.9299;0.6173
ind;bx;128;64;3;4;0.9497;0.6326
ind;bx;128;64;3;8;0.9498;0.6404
ind;bx;128;128;2;2;0.9184;0.5843
ind;bx;128;128;2;4;0.9362;0.6350
ind;bx;128;128;2;8;0.9362;0.6265
ind;bx;128;128;3;2;0.9374;0.6164
ind;bx;128;128;3;4;0.9463;0.6311
ind;bx;128;128;3;8;0.9521;0.6442
ind;bx;128;200;2;2;0.9201;0.6015
ind;bx;128;200;2;4;0.9339;0.6250
ind;bx;128;200;2;8;0.9380;0.6164
ind;bx;128;200;3;2;0.9324;0.6184
ind;bx;128;200;3;4;0.9389;0.6371
ind;bx;128;200;3;8;0.9510;0.6495
ind;bx;128;300;2;2;0.9210;0.5920
ind;bx;128;300;2;4;0.9380;0.6179
ind;bx;128;300;2;8;0.9417;0.6379
ind;bx;128;300;3;2;0.9327;0.6053
ind;bx;128;300;3;4;0.9498;0.6445
ind;bx;128;300;3;8;0.9573;0.6493
ind;bx;200;64;2;2;0.9561;0.6072
ind;bx;200;64;2;4;0.9648;0.6261
ind;bx;200;64;2;8;0.9732;0.6178
ind;bx;200;64;3;2;0.9707;0.6205
ind;bx;200;64;3;4;0.9788;0.6543
ind;bx;200;64;3;8;0.9838;0.6422
ind;bx;200;128;2;2;0.9548;0.6131
ind;bx;200;128;2;4;0.9714;0.6439
ind;bx;200;128;2;8;0.9757;0.6439
ind;bx;200;128;3;2;0.9756;0.6290
ind;bx;200;128;3;4;0.9837;0.6463
ind;bx;200;128;3;8;0.9848;0.6744
ind;bx;200;200;2;2;0.9598;0.6142
ind;bx;200;200;2;4;0.9646;0.6360
ind;bx;200;200;2;8;0.9757;0.6529
ind;bx;200;200;3;2;0.9743;0.6253
ind;bx;200;200;3;4;0.9798;0.6448
ind;bx;200;200;3;8;0.9831;0.6802
ind;bx;200;300;2;2;0.9581;0.5938
ind;bx;200;300;2;4;0.9670;0.6130
ind;bx;200;300;2;8;0.9752;0.6440
ind;bx;200;300;3;2;0.9676;0.6229
ind;bx;200;300;3;4;0.9787;0.6540
ind;bx;200;300;3;8;0.9811;0.6569
ind;bx;64;64;2;2;0.7950;0.5256
ind;bx;64;64;2;4;0.8033;0.5397
ind;bx;64;64;2;8;0.8269;0.5569
ind;bx;64;64;3;2;0.8178;0.5540
ind;bx;64;64;3;4;0.8211;0.5554
ind;bx;64;64;3;8;0.8547;0.5851
ind;bx;64;128;2;2;0.8114;0.5471
ind;bx;64;128;2;4;0.8280;0.5649
ind;bx;64;128;2;8;0.8403;0.5668
ind;bx;64;128;3;2;0.8298;0.5685
ind;bx;64;128;3;4;0.8383;0.5662
ind;bx;64;128;3;8;0.8411;0.5584
ind;bx;64;200;2;2;0.8207;0.5490
ind;bx;64;200;2;4;0.8280;0.5638
ind;bx;64;200;2;8;0.8353;0.5709
ind;bx;64;200;3;2;0.8528;0.5745
ind;bx;64;200;3;4;0.8461;0.5757
ind;bx;64;200;3;8;0.8581;0.5796
ind;bx;64;300;2;2;0.8229;0.5552
ind;bx;64;300;2;4;0.8286;0.5709
ind;bx;64;300;2;8;0.8465;0.5811
ind;bx;64;300;3;2;0.8175;0.5510
ind;bx;64;300;3;4;0.8608;0.5917
ind;bx;64;300;3;8;0.8580;0.5949
ind;bx;128;64;2;2;0.9192;0.5922
ind;bx;128;64;2;4;0.9242;0.6116
ind;bx;128;64;2;8;0.9431;0.6329
ind;bx;128;64;3;2;0.9369;0.6282
ind;bx;128;64;3;4;0.9440;0.6413
ind;bx;128;64;3;8;0.9429;0.6454
ind;bx;128;128;2;2;0.9117;0.5920
ind;bx;128;128;2;4;0.9276;0.6109
ind;bx;128;128;2;8;0.9324;0.6213
ind;bx;128;128;3;2;0.9308;0.6225
ind;bx;128;128;3;4;0.9463;0.6456
ind;bx;128;128;3;8;0.9529;0.6513
ind;bx;128;200;2;2;0.9280;0.6048
ind;bx;128;200;2;4;0.9305;0.5926
ind;bx;128;200;2;8;0.9375;0.6290
ind;bx;128;200;3;2;0.9378;0.6172
ind;bx;128;200;3;4;0.9452;0.6249
ind;bx;128;200;3;8;0.9450;0.6456
ind;bx;128;300;2;2;0.9226;0.5955
ind;bx;128;300;2;4;0.9302;0.6148
ind;bx;128;300;2;8;0.9352;0.6440
ind;bx;128;300;3;2;0.9323;0.6258
ind;bx;128;300;3;4;0.9456;0.6443
ind;bx;128;300;3;8;0.9568;0.6596
ind;bx;200;64;2;2;0.9609;0.5890
ind;bx;200;64;2;4;0.9679;0.6330
ind;bx;200;64;2;8;0.9700;0.6391
ind;bx;200;64;3;2;0.9647;0.6009
ind;bx;200;64;3;4;0.9817;0.6510
ind;bx;200;64;3;8;0.9846;0.6677
ind;bx;200;128;2;2;0.9610;0.5983
ind;bx;200;128;2;4;0.9664;0.6275
ind;bx;200;128;2;8;0.9726;0.6371
ind;bx;200;128;3;2;0.9665;0.6216
ind;bx;200;128;3;4;0.9786;0.6471
ind;bx;200;128;3;8;0.9837;0.6655
ind;bx;200;200;2;2;0.9610;0.5967
ind;bx;200;200;2;4;0.9726;0.6386
ind;bx;200;200;2;8;0.9783;0.6427
ind;bx;200;200;3;2;0.9706;0.6347
ind;bx;200;200;3;4;0.9766;0.6475
ind;bx;200;200;3;8;0.9847;0.6732
ind;bx;200;300;2;2;0.9525;0.5872
ind;bx;200;300;2;4;0.9695;0.6201
ind;bx;200;300;2;8;0.9781;0.6454
ind;bx;200;300;3;2;0.9679;0.6287
ind;bx;200;300;3;4;0.9769;0.6612
ind;bx;200;300;3;8;0.9817;0.6591
ind;bx;64;64;2;2;0.7799;0.5271
ind;bx;64;64;2;4;0.8191;0.5492
ind;bx;64;64;2;8;0.8367;0.5679
ind;bx;64;64;3;2;0.8464;0.5738
ind;bx;64;64;3;4;0.8450;0.5674
ind;bx;64;64;3;8;0.8409;0.5667
ind;bx;64;128;2;2;0.8104;0.5422
ind;bx;64;128;2;4;0.8275;0.5606
ind;bx;64;128;2;8;0.8384;0.5650
ind;bx;64;128;3;2;0.8385;0.5718
ind;bx;64;128;3;4;0.8450;0.5775
ind;bx;64;128;3;8;0.8521;0.5831
ind;bx;64;200;2;2;0.8085;0.5459
ind;bx;64;200;2;4;0.8082;0.5468
ind;bx;64;200;2;8;0.8463;0.5647
ind;bx;64;200;3;2;0.8521;0.5830
ind;bx;64;200;3;4;0.8371;0.5652
ind;bx;64;200;3;8;0.8399;0.5695
ind;bx;64;300;2;2;0.8222;0.5558
ind;bx;64;300;2;4;0.8382;0.5649
ind;bx;64;300;2;8;0.8361;0.5799
ind;bx;64;300;3;2;0.8439;0.5703
ind;bx;64;300;3;4;0.8361;0.5701
ind;bx;64;300;3;8;0.8492;0.5804
ind;bx;128;64;2;2;0.9189;0.6015
ind;bx;128;64;2;4;0.9233;0.6071
ind;bx;128;64;2;8;0.9331;0.6249
ind;bx;128;64;3;2;0.9325;0.6288
ind;bx;128;64;3;4;0.9384;0.6193
ind;bx;128;64;3;8;0.9540;0.6492
ind;bx;128;128;2;2;0.9201;0.5956
ind;bx;128;128;2;4;0.9351;0.6234
ind;bx;128;128;2;8;0.9472;0.6481
ind;bx;128;128;3;2;0.9310;0.6030
ind;bx;128;128;3;4;0.9470;0.6318
ind;bx;128;128;3;8;0.9450;0.6410
ind;bx;128;200;2;2;0.9208;0.5959
ind;bx;128;200;2;4;0.9338;0.6214
ind;bx;128;200;2;8;0.9435;0.6315
ind;bx;128;200;3;2;0.9351;0.6255
ind;bx;128;200;3;4;0.9389;0.6386
ind;bx;128;200;3;8;0.9565;0.6418
ind;bx;128;300;2;2;0.9091;0.5917
ind;bx;128;300;2;4;0.9293;0.6170
ind;bx;128;300;2;8;0.9414;0.6415
ind;bx;128;300;3;2;0.9283;0.5962
ind;bx;128;300;3;4;0.9453;0.6392
ind;bx;128;300;3;8;0.9509;0.6427
ind;bx;200;64;2;2;0.9538;0.5997
ind;bx;200;64;2;4;0.9695;0.6170
ind;bx;200;64;2;8;0.9777;0.6425
ind;bx;200;64;3;2;0.9718;0.6208
ind;bx;200;64;3;4;0.9773;0.6541
ind;bx;200;64;3;8;0.9844;0.6611
ind;bx;200;128;2;2;0.9610;0.6072
eng;t+p;64;64;2;0;0.9159;0.7268
eng;t+p;64;64;3;0;0.9170;0.7063
eng;t+p;64;128;2;0;0.9572;0.7599
eng;t+p;64;128;3;0;0.9574;0.7618
eng;t+p;64;200;2;0;0.9737;0.7626
eng;t+p;64;200;3;0;0.9721;0.7467
eng;t+p;64;300;2;0;0.9799;0.7701
eng;t+p;64;300;3;0;0.9786;0.7702
eng;t+p;128;64;2;0;0.9292;0.7228
eng;t+p;128;64;3;0;0.9231;0.7010
eng;t+p;128;128;2;0;0.9633;0.7372
eng;t+p;128;128;3;0;0.9642;0.7482
eng;t+p;128;200;2;0;0.9793;0.7539
eng;t+p;128;200;3;0;0.9760;0.7728
eng;t+p;128;300;2;0;0.9867;0.7568
eng;t+p;128;300;3;0;0.9847;0.7669
eng;t+p;200;64;2;0;0.9363;0.7071
eng;t+p;200;64;3;0;0.9321;0.7103
eng;t+p;200;128;2;0;0.9676;0.7270
eng;t+p;200;128;3;0;0.9695;0.7335
eng;t+p;200;200;2;0;0.9803;0.7383
eng;t+p;200;200;3;0;0.9800;0.7423
eng;t+p;200;300;2;0;0.9891;0.7573
eng;t+p;200;300;3;0;0.9872;0.7608
eng;t+p;64;64;2;0;0.9141;0.7334
eng;t+p;64;64;3;0;0.9185;0.7305
eng;t+p;64;128;2;0;0.9556;0.7489
eng;t+p;64;128;3;0;0.9572;0.7416
eng;t+p;64;200;2;0;0.9707;0.7506
eng;t+p;64;200;3;0;0.9719;0.7551
eng;t+p;64;300;2;0;0.9808;0.7640
eng;t+p;64;300;3;0;0.9803;0.7681
eng;t+p;128;64;2;0;0.9305;0.7178
eng;t+p;128;64;3;0;0.9211;0.6989
eng;t+p;128;128;2;0;0.9656;0.7345
eng;t+p;128;128;3;0;0.9654;0.7368
eng;t+p;128;200;2;0;0.9786;0.7457
eng;t+p;128;200;3;0;0.9776;0.7569
eng;t+p;128;300;2;0;0.9842;0.7678
eng;t+p;128;300;3;0;0.9809;0.7516
eng;t+p;200;64;2;0;0.9286;0.7028
eng;t+p;200;64;3;0;0.9271;0.6856
eng;t+p;200;128;2;0;0.9710;0.7367
eng;t+p;200;128;3;0;0.9679;0.7249
eng;t+p;200;200;2;0;0.9793;0.7500
eng;t+p;200;200;3;0;0.9814;0.7528
eng;t+p;200;300;2;0;0.9879;0.7591
eng;t+p;200;300;3;0;0.9875;0.7546
eng;t+p;64;64;2;0;0.9126;0.7186
eng;t+p;64;64;3;0;0.9206;0.7193
eng;t+p;64;128;2;0;0.9591;0.7470
eng;t+p;64;128;3;0;0.9604;0.7522
eng;t+p;64;200;2;0;0.9746;0.7643
eng;t+p;64;200;3;0;0.9734;0.7547
eng;t+p;64;300;2;0;0.9802;0.7563
eng;t+p;64;300;3;0;0.9796;0.7677
eng;t+p;128;64;2;0;0.9223;0.6968
eng;t+p;128;64;3;0;0.9245;0.7279
eng;t+p;128;128;2;0;0.9622;0.7478
eng;t+p;128;128;3;0;0.9643;0.7375
eng;t+p;128;200;2;0;0.9783;0.7510
eng;t+p;128;200;3;0;0.9780;0.7563
eng;t+p;128;300;2;0;0.9869;0.7617
eng;t+p;128;300;3;0;0.9860;0.7573
eng;t+p;200;64;2;0;0.9297;0.7094
eng;t+p;200;64;3;0;0.9286;0.6985
eng;t+p;200;128;2;0;0.9697;0.7293
eng;t+p;200;128;3;0;0.9696;0.7417
eng;t+p;200;200;2;0;0.9783;0.7451
eng;t+p;200;200;3;0;0.9815;0.7406
eng;t+p;200;300;2;0;0.9865;0.7553
eng;t+p;200;300;3;0;0.9867;0.7569
eng;f;64;64;2;0;0.9233;0.7328
eng;f;64;64;3;0;0.9204;0.7307
eng;f;64;128;2;0;0.9653;0.7719
eng;f;64;128;3;0;0.9613;0.7659
eng;f;64;200;2;0;0.9767;0.7713
eng;f;64;200;3;0;0.9765;0.7802
eng;f;64;300;2;0;0.9842;0.7827
eng;f;64;300;3;0;0.9844;0.7835
eng;f;128;64;2;0;0.9307;0.7209
eng;f;128;64;3;0;0.9339;0.7473
eng;f;128;128;2;0;0.9719;0.7601
eng;f;128;128;3;0;0.9664;0.7540
eng;f;128;200;2;0;0.9821;0.7702
eng;f;128;200;3;0;0.9808;0.7595
eng;f;128;300;2;0;0.9878;0.7730
eng;f;128;300;3;0;0.9857;0.7732
eng;f;200;64;2;0;0.9367;0.7131
eng;f;200;64;3;0;0.9422;0.7322
eng;f;200;128;2;0;0.9737;0.7490
eng;f;200;128;3;0;0.9737;0.7575
eng;f;200;200;2;0;0.9829;0.7680
eng;f;200;200;3;0;0.9826;0.7725
eng;f;200;300;2;0;0.9894;0.7645
eng;f;200;300;3;0;0.9903;0.7787
eng;f;64;64;2;0;0.9134;0.7451
eng;f;64;64;3;0;0.9225;0.7462
eng;f;64;128;2;0;0.9657;0.7712
eng;f;64;128;3;0;0.9625;0.7738
eng;f;64;200;2;0;0.9767;0.7776
eng;f;64;200;3;0;0.9770;0.7864
eng;f;64;300;2;0;0.9824;0.7794
eng;f;64;300;3;0;0.9840;0.7799
eng;f;128;64;2;0;0.9361;0.7412
eng;f;128;64;3;0;0.9340;0.7446
eng;f;128;128;2;0;0.9692;0.7515
eng;f;128;128;3;0;0.9665;0.7509
eng;f;128;200;2;0;0.9795;0.7773
eng;f;128;200;3;0;0.9822;0.7710
eng;f;128;300;2;0;0.9879;0.7787
eng;f;128;300;3;0;0.9876;0.7866
eng;f;200;64;2;0;0.9372;0.7155
eng;f;200;64;3;0;0.9383;0.7182
eng;f;200;128;2;0;0.9726;0.7565
eng;f;200;128;3;0;0.9733;0.7585
eng;f;200;200;2;0;0.9803;0.7583
eng;f;200;200;3;0;0.9828;0.7673
eng;f;200;300;2;0;0.9894;0.7714
eng;f;200;300;3;0;0.9892;0.7689
eng;f;64;64;2;0;0.9234;0.7382
eng;f;64;64;3;0;0.9246;0.7456
eng;f;64;128;2;0;0.9609;0.7683
eng;f;64;128;3;0;0.9635;0.7639
eng;f;64;200;2;0;0.9767;0.7694
eng;f;64;200;3;0;0.9753;0.7760
eng;f;64;300;2;0;0.9840;0.7844
eng;f;64;300;3;0;0.9860;0.7863
eng;f;128;64;2;0;0.9357;0.7405
eng;f;128;64;3;0;0.9337;0.7291
eng;f;128;128;2;0;0.9670;0.7608
eng;f;128;128;3;0;0.9700;0.7673
eng;f;128;200;2;0;0.9800;0.7758
eng;f;128;200;3;0;0.9825;0.7702
eng;f;128;300;2;0;0.9886;0.7803
eng;f;128;300;3;0;0.9882;0.7728
eng;f;200;64;2;0;0.9368;0.7185
eng;f;200;64;3;0;0.9409;0.7245
eng;f;200;128;2;0;0.9740;0.7618
eng;f;200;128;3;0;0.9729;0.7601
eng;f;200;200;2;0;0.9824;0.7762
eng;f;200;200;3;0;0.9827;0.7696
eng;f;200;300;2;0;0.9875;0.7697
eng;f;200;300;3;0;0.9892;0.7760
vie;t+p;64;64;2;0;0.7321;0.5218
vie;t+p;64;64;3;0;0.7335;0.5256
vie;t+p;64;128;2;0;0.8167;0.5261
vie;t+p;64;128;3;0;0.8294;0.5364
vie;t+p;64;200;2;0;0.8791;0.5629
vie;t+p;64;200;3;0;0.8801;0.5441
vie;t+p;64;300;2;0;0.9146;0.5634
vie;t+p;64;300;3;0;0.9150;0.5416
vie;t+p;128;64;2;0;0.7461;0.5096
vie;t+p;128;64;3;0;0.7699;0.5061
vie;t+p;128;128;2;0;0.8346;0.5111
vie;t+p;128;128;3;0;0.8510;0.5238
vie;t+p;128;200;2;0;0.8876;0.5219
vie;t+p;128;200;3;0;0.8933;0.5293
vie;t+p;128;300;2;0;0.9308;0.5365
vie;f;64;64;2;0;0.7347;0.5470
vie;f;64;64;3;0;0.7269;0.5436
vie;f;64;128;2;0;0.8078;0.5095
vie;f;64;128;3;0;0.8300;0.5497
vie;f;64;200;2;0;0.8782;0.5387
vie;f;64;200;3;0;0.8772;0.5482
vie;f;64;300;2;0;0.9009;0.5572
vie;f;64;300;3;0;0.9166;0.5715
vie;f;128;64;2;0;0.7597;0.5061
vie;f;128;64;3;0;0.7456;0.5218
vie;f;128;128;2;0;0.8316;0.4992
vie;f;128;128;3;0;0.8346;0.4999
vie;f;128;200;2;0;0.9005;0.5346
vie;f;128;200;3;0;0.8987;0.5208
vie;f;128;300;2;0;0.9343;0.5451
vie;f;128;300;3;0;0.9380;0.5276
vie;f;200;64;2;0;0.7842;0.5198
vie;f;200;64;3;0;0.7766;0.5058
vie;f;200;128;2;0;0.8567;0.5090
vie;f;200;128;3;0;0.8536;0.4997
vie;f;200;200;2;0;0.9239;0.5158
vie;f;200;200;3;0;0.9135;0.5229
vie;f;200;300;2;0;0.9374;0.5220
vie;f;200;300;3;0;0.9435;0.5399
vie;f;64;64;2;0;0.7379;0.5071
vie;f;64;64;3;0;0.7155;0.5355
vie;f;64;128;2;0;0.8201;0.5178
vie;f;64;128;3;0;0.8232;0.5326
vie;f;64;200;2;0;0.8824;0.5366
vie;f;64;200;3;0;0.8799;0.5526
vie;f;64;300;2;0;0.9146;0.5458
vie;f;64;300;3;0;0.9242;0.5583
vie;f;128;64;2;0;0.7569;0.5224
vie;f;128;64;3;0;0.7562;0.5237
vie;f;128;128;2;0;0.8486;0.5034
vie;f;128;128;3;0;0.8472;0.5264
vie;f;128;200;2;0;0.9004;0.5155
vie;f;128;200;3;0;0.8966;0.5341
vie;f;128;300;2;0;0.9327;0.5313
vie;f;128;300;3;0;0.9309;0.5483
vie;f;200;64;2;0;0.7746;0.4877
vie;f;200;64;3;0;0.7669;0.4887
vie;f;200;128;2;0;0.8620;0.5054
vie;f;200;128;3;0;0.8663;0.5142
vie;f;200;200;2;0;0.9139;0.5014
vie;f;200;200;3;0;0.9059;0.5268
vie;f;200;300;2;0;0.9411;0.5358
vie;f;200;300;3;0;0.9388;0.5129
vie;f;64;64;2;0;0.7399;0.5388
vie;f;64;64;3;0;0.7111;0.5501
vie;f;64;128;2;0;0.8208;0.5197
vie;f;64;128;3;0;0.8295;0.5350
vie;f;64;200;2;0;0.8772;0.5408
vie;f;64;200;3;0;0.8583;0.5389
vie;f;64;300;2;0;0.9166;0.5398
vie;f;64;300;3;0;0.9174;0.5512
vie;f;128;64;2;0;0.7738;0.5238
vie;f;128;64;3;0;0.7480;0.5039
vie;f;128;128;2;0;0.8373;0.5173
vie;f;128;128;3;0;0.8542;0.5189
vie;f;128;200;2;0;0.8975;0.5149
vie;f;128;200;3;0;0.8932;0.5309
vie;f;128;300;2;0;0.9240;0.5338
vie;f;128;300;3;0;0.9402;0.5390
vie;f;200;64;2;0;0.7740;0.5041
vie;f;200;64;3;0;0.7755;0.4942
vie;f;200;128;2;0;0.8622;0.5147
vie;f;200;128;3;0;0.8674;0.5095
vie;f;200;200;2;0;0.9013;0.5257
vie;f;200;200;3;0;0.9077;0.5290
vie;f;200;300;2;0;0.9430;0.5120
vie;f;200;300;3;0;0.9328;0.5315
vie;x;64;64;2;0;0.7606;0.5660
vie;x;64;64;3;0;0.7553;0.6081
vie;x;64;128;2;0;0.8519;0.5898
vie;x;64;128;3;0;0.8509;0.6024
vie;x;64;200;2;0;0.9174;0.6119
vie;x;64;200;3;0;0.9121;0.6303
vie;x;64;300;2;0;0.9600;0.6317
vie;x;64;300;3;0;0.9642;0.6284
vie;x;128;64;2;0;0.7719;0.5544
vie;x;128;64;3;0;0.7829;0.5536
vie;x;128;128;2;0;0.8689;0.5843
vie;x;128;128;3;0;0.8658;0.5752
vie;x;128;200;2;0;0.9303;0.5769
vie;x;128;200;3;0;0.9335;0.6068
vie;x;128;300;2;0;0.9654;0.6103
vie;x;128;300;3;0;0.9638;0.5955
vie;x;200;64;2;0;0.7939;0.5617
vie;x;200;64;3;0;0.7962;0.5636
vie;x;200;128;2;0;0.8817;0.5569
vie;x;200;128;3;0;0.8799;0.5703
vie;x;200;200;2;0;0.9411;0.5763
vie;x;200;200;3;0;0.9388;0.5855
vie;x;200;300;2;0;0.9678;0.5861
vie;x;200;300;3;0;0.9722;0.6089
vie;x;64;64;2;0;0.7587;0.5911
vie;x;64;64;3;0;0.7493;0.5831
vie;x;64;128;2;0;0.8509;0.5859
vie;x;64;128;3;0;0.8536;0.5800
vie;x;64;200;2;0;0.9145;0.6107
vie;x;64;200;3;0;0.9133;0.6226
vie;x;64;300;2;0;0.9637;0.6278
vie;x;64;300;3;0;0.9623;0.6326
vie;x;128;64;2;0;0.7746;0.5642
vie;x;128;64;3;0;0.7814;0.5743
vie;x;128;128;2;0;0.8809;0.5724
vie;x;128;128;3;0;0.8731;0.5726
vie;x;128;200;2;0;0.9279;0.5931
vie;x;128;200;3;0;0.9214;0.5835
vie;x;128;300;2;0;0.9694;0.5968
vie;x;128;300;3;0;0.9677;0.6183
vie;x;200;64;2;0;0.7926;0.5472
vie;x;200;64;3;0;0.7963;0.5451
vie;x;200;128;2;0;0.8930;0.5602
vie;x;200;128;3;0;0.8889;0.5492
vie;x;200;200;2;0;0.9292;0.5674
vie;x;200;200;3;0;0.9388;0.5807
vie;x;200;300;2;0;0.9728;0.5986
vie;x;200;300;3;0;0.9679;0.5902
vie;x;64;64;2;0;0.7492;0.5865
vie;x;64;64;3;0;0.7441;0.5978
vie;x;64;128;2;0;0.8505;0.5935
vie;x;64;128;3;0;0.8474;0.5975
vie;x;64;200;2;0;0.9155;0.6196
vie;x;64;200;3;0;0.9072;0.6077
vie;x;64;300;2;0;0.9642;0.6141
vie;x;64;300;3;0;0.9643;0.6324
vie;x;128;64;2;0;0.7677;0.5626
vie;x;128;64;3;0;0.7775;0.5653
vie;x;128;128;2;0;0.8662;0.5691
vie;x;128;128;3;0;0.8826;0.5725
vie;x;128;200;2;0;0.9375;0.5759
vie;x;128;200;3;0;0.9293;0.5878
vie;x;128;300;2;0;0.9745;0.6174
vie;x;128;300;3;0;0.9681;0.6141
vie;x;200;64;2;0;0.7937;0.5662
vie;x;200;64;3;0;0.7920;0.5503
vie;x;200;128;2;0;0.8778;0.5628
vie;x;200;128;3;0;0.8892;0.5732
vie;x;200;200;2;0;0.9441;0.5653
vie;x;200;200;3;0;0.9373;0.5762
vie;x;200;300;2;0;0.9668;0.6052
vie;x;200;300;3;0;0.9699;0.6060
ind;t+p;64;64;2;0;0.8412;0.7027
ind;t+p;64;64;3;0;0.8522;0.6913
ind;t+p;64;128;2;0;0.9162;0.7350
ind;t+p;64;128;3;0;0.9201;0.7069
ind;t+p;64;200;2;0;0.9441;0.7502
ind;t+p;64;200;3;0;0.9485;0.7353
ind;t+p;64;300;2;0;0.9574;0.7296
ind;t+p;64;300;3;0;0.9538;0.7385
ind;t+p;128;64;2;0;0.8612;0.6867
ind;t+p;128;64;3;0;0.8636;0.6932
ind;t+p;128;128;2;0;0.9306;0.7146
ind;t+p;128;128;3;0;0.9301;0.7024
ind;t+p;128;200;2;0;0.9511;0.7078
ind;t+p;128;200;3;0;0.9522;0.7149
ind;t+p;128;300;2;0;0.9635;0.7407
ind;t+p;128;300;3;0;0.9671;0.7383
ind;t+p;200;64;2;0;0.8788;0.6729
ind;t+p;200;64;3;0;0.8714;0.6962
ind;t+p;200;128;2;0;0.9324;0.7059
ind;t+p;200;128;3;0;0.9342;0.6793
ind;t+p;200;200;2;0;0.9579;0.7042
ind;t+p;200;200;3;0;0.9543;0.7259
ind;t+p;200;300;2;0;0.9662;0.7151
ind;t+p;200;300;3;0;0.9647;0.7005
ind;t+p;64;64;2;0;0.8476;0.6998
ind;t+p;64;64;3;0;0.8457;0.7011
ind;t+p;64;128;2;0;0.9163;0.7324
ind;t+p;64;128;3;0;0.9212;0.7112
ind;t+p;64;200;2;0;0.9432;0.7403
ind;t+p;64;200;3;0;0.9479;0.7237
ind;t+p;64;300;2;0;0.9584;0.7489
ind;t+p;64;300;3;0;0.9601;0.7531
ind;t+p;128;64;2;0;0.8722;0.6876
ind;t+p;128;64;3;0;0.8598;0.6804
ind;t+p;128;128;2;0;0.9272;0.7032
ind;t+p;128;128;3;0;0.9318;0.7056
ind;t+p;128;200;2;0;0.9573;0.7066
ind;t+p;128;200;3;0;0.9509;0.7187
ind;t+p;128;300;2;0;0.9672;0.7246
ind;t+p;128;300;3;0;0.9671;0.7383
ind;t+p;200;64;2;0;0.8658;0.6591
ind;t+p;200;64;3;0;0.8668;0.6784
ind;t+p;200;128;2;0;0.9363;0.6821
ind;t+p;200;128;3;0;0.9350;0.6867
ind;t+p;200;200;2;0;0.9468;0.6995
ind;t+p;200;200;3;0;0.9566;0.7056
ind;t+p;200;300;2;0;0.9703;0.7271
ind;t+p;200;300;3;0;0.9695;0.7306
ind;t+p;64;64;2;0;0.8566;0.7121
ind;t+p;64;64;3;0;0.8500;0.7140
ind;t+p;64;128;2;0;0.9234;0.7039
ind;t+p;64;128;3;0;0.9142;0.7330
ind;t+p;64;200;2;0;0.9416;0.7261
ind;t+p;64;200;3;0;0.9424;0.7379
ind;t+p;64;300;2;0;0.9575;0.7383
ind;t+p;64;300;3;0;0.9604;0.7454
ind;t+p;128;64;2;0;0.8587;0.6872
ind;t+p;128;64;3;0;0.8791;0.6804
ind;t+p;128;128;2;0;0.9301;0.6851
ind;t+p;128;128;3;0;0.9238;0.6955
ind;t+p;128;200;2;0;0.9547;0.7193
ind;t+p;128;200;3;0;0.9532;0.6878
ind;t+p;128;300;2;0;0.9647;0.7225
ind;t+p;128;300;3;0;0.9659;0.7311
ind;t+p;200;64;2;0;0.8672;0.6715
ind;t+p;200;64;3;0;0.8677;0.6882
ind;t+p;200;128;2;0;0.9326;0.6858
ind;t+p;200;128;3;0;0.9346;0.6824
ind;t+p;200;200;2;0;0.9556;0.7075
ind;t+p;200;200;3;0;0.9581;0.7143
ind;t+p;200;300;2;0;0.9699;0.7207
ind;t+p;200;300;3;0;0.9688;0.7324
ind;f;64;64;2;0;0.8632;0.7024
ind;f;64;64;3;0;0.8574;0.6943
ind;f;64;128;2;0;0.9203;0.7287
ind;f;64;128;3;0;0.9224;0.7303
ind;f;64;200;2;0;0.9436;0.7457
ind;f;64;200;3;0;0.9438;0.7490
ind;f;64;300;2;0;0.9591;0.7489
ind;f;64;300;3;0;0.9637;0.7452
ind;f;128;64;2;0;0.8714;0.6839
ind;f;128;64;3;0;0.8583;0.6891
ind;f;128;128;2;0;0.9245;0.6913
ind;f;128;128;3;0;0.9297;0.6983
ind;f;128;200;2;0;0.9505;0.7113
ind;f;128;200;3;0;0.9544;0.7127
ind;f;128;300;2;0;0.9634;0.7253
ind;f;128;300;3;0;0.9632;0.7121
ind;f;200;64;2;0;0.8755;0.6783
ind;f;200;64;3;0;0.8736;0.6709
ind;f;200;128;2;0;0.9410;0.6905
ind;f;200;128;3;0;0.9327;0.7003
ind;f;200;200;2;0;0.9555;0.6959
ind;f;200;200;3;0;0.9558;0.7124
ind;f;200;300;2;0;0.9653;0.7154
ind;f;200;300;3;0;0.9706;0.7278
ind;f;64;64;2;0;0.8592;0.6858
ind;f;64;64;3;0;0.8567;0.7098
ind;f;64;128;2;0;0.9188;0.7241
ind;f;64;128;3;0;0.9259;0.7323
ind;f;64;200;2;0;0.9399;0.7354
ind;f;64;200;3;0;0.9495;0.7335
ind;f;64;300;2;0;0.9589;0.7275
ind;f;64;300;3;0;0.9557;0.7374
ind;f;128;64;2;0;0.8727;0.6943
ind;f;128;64;3;0;0.8618;0.6629
ind;f;128;128;2;0;0.9331;0.7089
ind;f;128;128;3;0;0.9219;0.7039
ind;f;128;200;2;0;0.9536;0.7216
ind;f;128;200;3;0;0.9535;0.7071
ind;f;128;300;2;0;0.9659;0.7465
ind;f;128;300;3;0;0.9648;0.7362
ind;f;200;64;2;0;0.8705;0.6902
ind;f;200;64;3;0;0.8786;0.6807
ind;f;200;128;2;0;0.9330;0.6906
ind;f;200;128;3;0;0.9327;0.6949
ind;f;200;200;2;0;0.9568;0.7024
ind;f;200;200;3;0;0.9575;0.7033
ind;f;200;300;2;0;0.9699;0.7299
ind;f;200;300;3;0;0.9662;0.6998
ind;f;64;64;2;0;0.8686;0.7118
ind;f;64;64;3;0;0.8598;0.7033
ind;f;64;128;2;0;0.9187;0.7363
ind;f;64;128;3;0;0.9189;0.7189
ind;f;64;200;2;0;0.9395;0.7308
ind;f;64;200;3;0;0.9442;0.7544
ind;f;64;300;2;0;0.9601;0.7656
ind;f;64;300;3;0;0.9611;0.7314
ind;f;128;64;2;0;0.8711;0.6876
ind;f;128;64;3;0;0.8733;0.6677
ind;f;128;128;2;0;0.9290;0.6992
ind;f;128;128;3;0;0.9285;0.7104
ind;f;128;200;2;0;0.9500;0.7066
ind;f;128;200;3;0;0.9492;0.7172
ind;f;128;300;2;0;0.9676;0.7151
ind;f;128;300;3;0;0.9675;0.7465
ind;f;200;64;2;0;0.8806;0.6676
ind;f;200;64;3;0;0.8776;0.6866
ind;f;200;128;2;0;0.9352;0.7032
ind;f;200;128;3;0;0.9330;0.7015
ind;f;200;200;2;0;0.9556;0.7057
ind;f;200;200;3;0;0.9539;0.7175
ind;f;200;300;2;0;0.9674;0.7155
ind;f;200;300;3;0;0.9682;0.7335
ind;x;64;64;2;0;0.8554;0.7428
ind;x;64;64;3;0;0.8638;0.7477
ind;x;64;128;2;0;0.9181;0.7662
ind;x;64;128;3;0;0.9222;0.7760
ind;x;64;200;2;0;0.9525;0.7861
ind;x;64;200;3;0;0.9495;0.7977
ind;x;64;300;2;0;0.9638;0.8002
ind;x;64;300;3;0;0.9682;0.8086
ind;x;128;64;2;0;0.8738;0.7297
ind;x;128;64;3;0;0.8657;0.7252
ind;x;128;128;2;0;0.9353;0.7621
ind;x;128;128;3;0;0.9305;0.7644
ind;x;128;200;2;0;0.9578;0.7722
ind;x;128;200;3;0;0.9592;0.7786
ind;x;128;300;2;0;0.9718;0.7899
ind;x;128;300;3;0;0.9698;0.8026
ind;x;200;64;2;0;0.8768;0.7122
ind;x;200;64;3;0;0.8769;0.7045
ind;x;200;128;2;0;0.9330;0.7383
ind;x;200;128;3;0;0.9374;0.7478
ind;x;200;200;2;0;0.9629;0.7617
ind;x;200;200;3;0;0.9627;0.7611
ind;x;200;300;2;0;0.9750;0.7784
ind;x;200;300;3;0;0.9710;0.7872
ind;x;64;64;2;0;0.8535;0.7637
ind;x;64;64;3;0;0.8597;0.7573
ind;x;64;128;2;0;0.9247;0.7840
ind;x;64;128;3;0;0.9261;0.7807
ind;x;64;200;2;0;0.9482;0.7837
ind;x;64;200;3;0;0.9501;0.8018
ind;x;64;300;2;0;0.9653;0.8109
ind;x;64;300;3;0;0.9664;0.8128
ind;x;128;64;2;0;0.8712;0.7394
ind;x;128;64;3;0;0.8746;0.7448
ind;x;128;128;2;0;0.9363;0.7718
ind;x;128;128;3;0;0.9350;0.7627
ind;x;128;200;2;0;0.9584;0.7691
ind;x;128;200;3;0;0.9565;0.7848
ind;x;128;300;2;0;0.9687;0.7971
ind;x;128;300;3;0;0.9731;0.7814
ind;x;200;64;2;0;0.8819;0.7113
ind;x;200;64;3;0;0.8811;0.6916
ind;x;200;128;2;0;0.9383;0.7587
ind;x;200;128;3;0;0.9397;0.7621
ind;x;200;200;2;0;0.9599;0.7591
ind;x;200;200;3;0;0.9606;0.7585
ind;x;200;300;2;0;0.9729;0.7938
ind;x;200;300;3;0;0.9718;0.7789
ind;x;64;64;2;0;0.8606;0.7484
ind;x;64;64;3;0;0.8492;0.7398
ind;x;64;128;2;0;0.9195;0.7926
ind;x;64;128;3;0;0.9246;0.7784
ind;x;64;200;2;0;0.9486;0.8053
ind;x;64;200;3;0;0.9478;0.8029
ind;x;64;300;2;0;0.9664;0.8107
ind;x;64;300;3;0;0.9633;0.8217
ind;x;128;64;2;0;0.8788;0.7428
ind;x;128;64;3;0;0.8725;0.7397
ind;x;128;128;2;0;0.9347;0.7572
ind;x;128;128;3;0;0.9293;0.7599
ind;x;128;200;2;0;0.9541;0.7674
ind;x;128;200;3;0;0.9580;0.7843
ind;x;128;300;2;0;0.9684;0.7944
ind;x;128;300;3;0;0.9696;0.7872
ind;x;200;64;2;0;0.8828;0.6976
ind;x;200;64;3;0;0.8669;0.7351
ind;x;200;128;2;0;0.9404;0.7517
ind;x;200;128;3;0;0.9388;0.7582
ind;x;200;200;2;0;0.9606;0.7644
ind;x;200;200;3;0;0.9614;0.7665
ind;x;200;300;2;0;0.9755;0.7822
ind;x;200;300;3;0;0.9741;0.7725
vie;t;64;64;2;0;0.6782;0.4531
vie;t;64;128;2;0;0.7848;0.4587
vie;t;64;200;2;0;0.8349;0.4491
vie;t;64;300;2;0;0.8717;0.4610
vie;t;128;64;2;0;0.7076;0.4568
vie;t;128;128;2;0;0.8189;0.4587
vie;t;128;200;2;0;0.8669;0.4371
vie;t;128;300;2;0;0.8946;0.4522
vie;t;200;64;2;0;0.7193;0.4334
vie;t;200;128;2;0;0.8372;0.4445
vie;t;200;200;2;0;0.8836;0.4476
vie;t;200;300;2;0;0.9230;0.4498
vie;t;64;64;2;0;0.6818;0.4376
vie;t;64;128;2;0;0.7806;0.4361
vie;t;64;200;2;0;0.8462;0.4427
vie;t;64;300;2;0;0.8912;0.4622
vie;t;128;64;2;0;0.7136;0.4609
vie;t;128;128;2;0;0.8109;0.4542
vie;t;128;200;2;0;0.8652;0.4520
vie;t;128;300;2;0;0.8991;0.4457
vie;t;200;64;2;0;0.7118;0.4452
vie;t;200;128;2;0;0.8286;0.4352
vie;t;200;200;2;0;0.8862;0.4469
vie;t;200;300;2;0;0.9131;0.4533
vie;t;64;64;2;0;0.6886;0.4221
vie;t;64;128;2;0;0.7821;0.4376
vie;t;64;200;2;0;0.8334;0.4443
vie;t;64;300;2;0;0.8875;0.4688
vie;t;128;64;2;0;0.7011;0.4511
vie;t;128;128;2;0;0.8010;0.4522
vie;t;128;200;2;0;0.8651;0.4577
vie;t;128;300;2;0;0.9077;0.4469
vie;t;200;64;2;0;0.7435;0.4528
vie;t;200;128;2;0;0.8372;0.4544
vie;t;200;200;2;0;0.8769;0.4480
vie;t;200;300;2;0;0.9176;0.4455
vie;t+p;64;64;2;0;0.6969;0.4662
vie;t+p;64;128;2;0;0.7851;0.4762
vie;t+p;64;200;2;0;0.8358;0.4550
vie;t+p;64;300;2;0;0.8739;0.4472
vie;t+p;128;64;2;0;0.7313;0.4606
vie;t+p;128;128;2;0;0.8258;0.4680
vie;t+p;128;200;2;0;0.8711;0.4560
vie;t+p;128;300;2;0;0.8970;0.4712
vie;t+p;200;64;2;0;0.7360;0.4389
vie;t+p;200;128;2;0;0.8397;0.4601
vie;t+p;200;200;2;0;0.8907;0.4718
vie;t+p;200;300;2;0;0.9244;0.4632
vie;t+p;64;64;2;0;0.6918;0.4339
vie;t+p;64;128;2;0;0.7837;0.4608
vie;t+p;64;200;2;0;0.8415;0.4626
vie;t+p;64;300;2;0;0.8794;0.4473
vie;t+p;128;64;2;0;0.7129;0.4751
vie;t+p;128;128;2;0;0.8216;0.4507
vie;t+p;128;200;2;0;0.8619;0.4600
vie;t+p;128;300;2;0;0.9073;0.4579
vie;t+p;200;64;2;0;0.7310;0.4544
vie;t+p;200;128;2;0;0.8299;0.4569
vie;t+p;200;200;2;0;0.8915;0.4687
vie;t+p;200;300;2;0;0.9302;0.4752
vie;t+p;64;64;2;0;0.6818;0.4626
vie;t+p;64;128;2;0;0.7853;0.4354
vie;t+p;64;200;2;0;0.8312;0.4526
vie;t+p;64;300;2;0;0.8849;0.4790
vie;t+p;128;64;2;0;0.7081;0.4365
vie;t+p;128;128;2;0;0.8248;0.4527
vie;t+p;128;200;2;0;0.8787;0.4374
vie;t+p;128;300;2;0;0.9052;0.4525
vie;t+p;200;64;2;0;0.7359;0.4453
vie;t+p;200;128;2;0;0.8224;0.4567
vie;t+p;200;200;2;0;0.8829;0.4615
vie;t+p;200;300;2;0;0.9252;0.4657
vie;f;64;64;2;0;0.6636;0.4458
vie;f;64;128;2;0;0.7994;0.4619
vie;f;64;200;2;0;0.8399;0.4680
vie;f;64;300;2;0;0.8759;0.4645
vie;f;128;64;2;0;0.7169;0.4610
vie;f;128;128;2;0;0.8249;0.4559
vie;f;128;200;2;0;0.8745;0.4610
vie;f;128;300;2;0;0.9130;0.4739
vie;f;200;64;2;0;0.7311;0.4553
vie;f;200;128;2;0;0.8495;0.4721
vie;f;200;200;2;0;0.8808;0.4704
vie;f;200;300;2;0;0.9253;0.4603
vie;f;64;64;2;0;0.6947;0.4603
vie;f;64;128;2;0;0.7918;0.4626
vie;f;64;200;2;0;0.8379;0.4562
vie;f;64;300;2;0;0.8822;0.4730
vie;f;128;64;2;0;0.7059;0.4516
vie;f;128;128;2;0;0.8227;0.4560
vie;f;128;200;2;0;0.8692;0.4440
vie;f;128;300;2;0;0.9160;0.4650
vie;f;200;64;2;0;0.7087;0.4418
vie;f;200;128;2;0;0.8369;0.4688
vie;f;200;200;2;0;0.8894;0.4646
vie;f;200;300;2;0;0.9394;0.4753
vie;f;64;64;2;0;0.6897;0.4719
vie;f;64;128;2;0;0.7942;0.4378
vie;f;64;200;2;0;0.8302;0.4443
vie;f;64;300;2;0;0.8786;0.4630
vie;f;128;64;2;0;0.7244;0.4765
vie;f;128;128;2;0;0.8166;0.4581
vie;f;128;200;2;0;0.8740;0.4582
vie;f;128;300;2;0;0.9147;0.4649
vie;f;200;64;2;0;0.7212;0.4490
vie;f;200;128;2;0;0.8382;0.4688
vie;f;200;200;2;0;0.8791;0.4593
vie;f;200;300;2;0;0.9266;0.4624
vie;x;64;64;2;0;0.7274;0.5305
vie;x;64;128;2;0;0.8228;0.5568
vie;x;64;200;2;0;0.9103;0.5688
vie;x;64;300;2;0;0.9560;0.5758
vie;x;128;64;2;0;0.7590;0.5105
vie;x;128;128;2;0;0.8562;0.5260
vie;x;128;200;2;0;0.9075;0.5487
vie;x;128;300;2;0;0.9636;0.5571
vie;x;200;64;2;0;0.7699;0.5278
vie;x;200;128;2;0;0.8689;0.5171
vie;x;200;200;2;0;0.9194;0.5299
vie;x;200;300;2;0;0.9668;0.5469
vie;x;64;64;2;0;0.7393;0.5103
vie;x;64;128;2;0;0.8389;0.5525
vie;x;64;200;2;0;0.9033;0.5544
vie;x;64;300;2;0;0.9564;0.5643
vie;x;128;64;2;0;0.7631;0.5176
vie;x;128;128;2;0;0.8560;0.5383
vie;x;128;200;2;0;0.9174;0.5396
vie;x;128;300;2;0;0.9619;0.5547
vie;x;200;64;2;0;0.7938;0.5156
vie;x;200;128;2;0;0.8875;0.5275
vie;x;200;200;2;0;0.9287;0.5403
vie;x;200;300;2;0;0.9675;0.5423
vie;x;64;64;2;0;0.7511;0.5304
vie;x;64;128;2;0;0.8448;0.5376
vie;x;64;200;2;0;0.8997;0.5474
vie;x;64;300;2;0;0.9569;0.5603
vie;x;128;64;2;0;0.7551;0.5302
vie;x;128;128;2;0;0.8576;0.5448
vie;x;128;200;2;0;0.9158;0.5420
vie;x;128;300;2;0;0.9560;0.5405
vie;x;200;64;2;0;0.7752;0.5163
vie;x;200;128;2;0;0.8726;0.5281
vie;x;200;200;2;0;0.9248;0.5334
vie;x;200;300;2;0;0.9677;0.5588
vie;b;64;64;2;2;0.6949;0.3820
vie;b;64;64;2;4;0.7249;0.3925
vie;b;64;64;2;8;0.7356;0.3978
vie;b;64;64;3;2;0.7236;0.3822
vie;b;64;64;3;4;0.7273;0.3971
vie;b;64;64;3;8;0.7247;0.3857
vie;b;64;128;2;2;0.7005;0.3853
vie;b;64;128;2;4;0.7060;0.3843
vie;b;64;128;2;8;0.7294;0.3954
vie;b;64;128;3;2;0.7550;0.3877
vie;b;64;128;3;4;0.7376;0.3915
vie;b;64;128;3;8;0.7447;0.3952
vie;b;64;200;2;2;0.7182;0.3841
vie;b;64;200;2;4;0.7070;0.3859
vie;b;64;200;2;8;0.7127;0.3890
vie;b;64;200;3;2;0.7253;0.3861
vie;b;64;200;3;4;0.7615;0.3979
vie;b;64;200;3;8;0.7512;0.3944
vie;b;64;300;2;2;0.7320;0.3893
vie;b;64;300;2;4;0.7045;0.3896
vie;b;64;300;2;8;0.7072;0.3840
vie;b;64;300;3;2;0.7358;0.3812
vie;b;64;300;3;4;0.7605;0.3988
vie;b;64;300;3;8;0.7536;0.3897
vie;b;128;64;2;2;0.8890;0.3900
vie;b;128;64;2;4;0.9024;0.4009
vie;b;128;64;2;8;0.9256;0.4309
vie;b;128;64;3;2;0.9143;0.4197
vie;b;128;64;3;4;0.9387;0.4305
vie;b;128;64;3;8;0.9313;0.4362
vie;b;128;128;2;2;0.8898;0.3990
vie;b;128;128;2;4;0.9236;0.4268
vie;b;128;128;2;8;0.9041;0.4044
vie;b;128;128;3;2;0.9198;0.4243
vie;b;128;128;3;4;0.9383;0.4258
vie;b;128;128;3;8;0.9412;0.4394
vie;b;128;200;2;2;0.8914;0.3873
vie;b;128;200;2;4;0.9082;0.4155
vie;b;128;200;2;8;0.9206;0.4290
vie;b;128;200;3;2;0.9288;0.4162
vie;b;128;200;3;4;0.9405;0.4191
vie;b;128;200;3;8;0.9376;0.4373
vie;b;128;300;2;2;0.8931;0.3691
vie;b;128;300;2;4;0.9159;0.4082
vie;b;128;300;2;8;0.9260;0.4291
vie;b;128;300;3;2;0.9263;0.4126
vie;b;128;300;3;4;0.9375;0.4256
vie;b;128;300;3;8;0.9377;0.4406
vie;b;200;64;2;2;0.9699;0.4040
vie;b;200;64;2;4;0.9741;0.4155
vie;b;200;64;2;8;0.9823;0.4275
vie;b;200;64;3;2;0.9778;0.4270
vie;b;200;64;3;4;0.9871;0.4378
vie;b;200;64;3;8;0.9909;0.4574
vie;b;200;128;2;2;0.9603;0.4070
vie;b;200;128;2;4;0.9724;0.4143
vie;b;200;128;2;8;0.9831;0.4283
vie;b;200;128;3;2;0.9824;0.4118
vie;b;200;128;3;4;0.9890;0.4374
vie;b;200;128;3;8;0.9915;0.4442
vie;b;200;200;2;2;0.9602;0.4126
vie;b;200;200;2;4;0.9769;0.4093
vie;b;200;200;2;8;0.9788;0.4321
vie;b;200;200;3;2;0.9817;0.4056
vie;b;200;200;3;4;0.9856;0.4495
vie;b;200;200;3;8;0.9893;0.4470
vie;b;200;300;2;2;0.9673;0.4085
vie;b;200;300;2;4;0.9772;0.4116
vie;b;200;300;2;8;0.9807;0.4369
vie;b;200;300;3;2;0.9843;0.4224
vie;b;200;300;3;4;0.9907;0.4394
vie;b;200;300;3;8;0.9936;0.4576
vie;b;64;64;2;2;0.7091;0.3782
vie;b;64;64;2;4;0.7317;0.3836
vie;b;64;64;2;8;0.7366;0.3906
vie;b;64;64;3;2;0.7145;0.3740
vie;b;64;64;3;4;0.7555;0.3946
vie;b;64;64;3;8;0.7362;0.3952
vie;b;64;128;2;2;0.7053;0.3707
vie;b;64;128;2;4;0.7173;0.3917
vie;b;64;128;2;8;0.7045;0.3879
vie;b;64;128;3;2;0.7501;0.3890
vie;b;64;128;3;4;0.7382;0.4004
vie;b;64;128;3;8;0.7596;0.3961
vie;b;64;200;2;2;0.7162;0.3753
vie;b;64;200;2;4;0.7138;0.3815
vie;b;64;200;2;8;0.7225;0.3942
vie;b;64;200;3;2;0.7687;0.3900
vie;b;64;200;3;4;0.7391;0.3752
vie;b;64;200;3;8;0.7417;0.3958
vie;b;64;300;2;2;0.7234;0.3861
vie;b;64;300;2;4;0.7354;0.3854
vie;b;64;300;2;8;0.7276;0.3910
vie;b;64;300;3;2;0.7278;0.3825
vie;b;64;300;3;4;0.7629;0.3983
vie;b;64;300;3;8;0.7567;0.3951
vie;b;128;64;2;2;0.8929;0.3985
vie;b;128;64;2;4;0.9044;0.3935
vie;b;128;64;2;8;0.9207;0.4260
vie;b;128;64;3;2;0.9263;0.4099
vie;b;128;64;3;4;0.9265;0.4266
vie;b;128;64;3;8;0.9336;0.4312
vie;b;128;128;2;2;0.8792;0.3881
vie;b;128;128;2;4;0.9155;0.4018
vie;b;128;128;2;8;0.9223;0.4162
vie;b;128;128;3;2;0.9141;0.4006
vie;b;128;128;3;4;0.9439;0.4347
vie;b;128;128;3;8;0.9468;0.4356
vie;b;128;200;2;2;0.9027;0.3985
vie;b;128;200;2;4;0.8974;0.4000
vie;b;128;200;2;8;0.9203;0.4254
vie;b;128;200;3;2;0.9208;0.4154
vie;b;128;200;3;4;0.9411;0.4396
vie;b;128;200;3;8;0.9419;0.4399
vie;b;128;300;2;2;0.9007;0.4009
vie;b;128;300;2;4;0.9190;0.4361
vie;b;128;300;2;8;0.9165;0.4145
vie;b;128;300;3;2;0.9288;0.4211
vie;b;128;300;3;4;0.9340;0.4362
vie;b;128;300;3;8;0.9357;0.4290
vie;b;200;64;2;2;0.9575;0.3999
vie;b;200;64;2;4;0.9809;0.4191
vie;b;200;64;2;8;0.9823;0.4380
vie;b;200;64;3;2;0.9804;0.4109
vie;b;200;64;3;4;0.9900;0.4356
vie;b;200;64;3;8;0.9913;0.4391
vie;b;200;128;2;2;0.9728;0.3793
vie;b;200;128;2;4;0.9760;0.4040
vie;b;200;128;2;8;0.9836;0.4542
vie;b;200;128;3;2;0.9823;0.4280
vie;b;200;128;3;4;0.9851;0.4318
vie;b;200;128;3;8;0.9874;0.4564
vie;b;200;200;2;2;0.9606;0.3942
vie;b;200;200;2;4;0.9799;0.4154
vie;b;200;200;2;8;0.9830;0.4299
vie;b;200;200;3;2;0.9834;0.4137
vie;b;200;200;3;4;0.9835;0.4296
vie;b;200;200;3;8;0.9913;0.4391
vie;b;200;300;2;2;0.9648;0.4039
vie;b;200;300;2;4;0.9744;0.4226
vie;b;200;300;2;8;0.9859;0.4387
vie;b;200;300;3;2;0.9810;0.4264
vie;b;200;300;3;4;0.9873;0.4423
vie;b;200;300;3;8;0.9925;0.4453
vie;b;64;64;2;2;0.6811;0.3796
vie;b;64;64;2;4;0.7374;0.3908
vie;b;64;64;2;8;0.7050;0.3824
vie;b;64;64;3;2;0.7221;0.3762
vie;b;64;64;3;4;0.7383;0.3864
vie;b;64;64;3;8;0.7435;0.3946
vie;b;64;128;2;2;0.7028;0.3866
vie;b;64;128;2;4;0.7220;0.3850
vie;b;64;128;2;8;0.6955;0.3872
vie;b;64;128;3;2;0.7328;0.3781
vie;b;64;128;3;4;0.7280;0.3908
vie;b;64;128;3;8;0.7434;0.3848
vie;b;64;200;2;2;0.7415;0.3822
vie;b;64;200;2;4;0.7232;0.3811
vie;b;64;200;2;8;0.7100;0.3896
vie;b;64;200;3;2;0.7374;0.3929
vie;b;64;200;3;4;0.7335;0.3847
vie;b;64;200;3;8;0.7564;0.4038
vie;b;64;300;2;2;0.7531;0.4000
vie;b;64;300;2;4;0.7149;0.3835
vie;b;64;300;2;8;0.7203;0.3861
vie;b;64;300;3;2;0.7694;0.3803
vie;b;64;300;3;4;0.7617;0.3947
vie;b;64;300;3;8;0.7528;0.3881
vie;b;128;64;2;2;0.9088;0.3951
vie;b;128;64;2;4;0.9091;0.4126
vie;b;128;64;2;8;0.9083;0.4240
vie;b;128;64;3;2;0.9298;0.4211
vie;b;128;64;3;4;0.9394;0.4263
vie;b;128;64;3;8;0.9368;0.4318
vie;b;128;128;2;2;0.8824;0.3976
vie;b;128;128;2;4;0.9050;0.4051
vie;b;128;128;2;8;0.9223;0.4335
vie;b;128;128;3;2;0.9384;0.4267
vie;b;128;128;3;4;0.9278;0.4257
vie;b;128;128;3;8;0.9477;0.4362
vie;b;128;200;2;2;0.8773;0.3942
vie;b;128;200;2;4;0.9007;0.3929
vie;b;128;200;2;8;0.9203;0.4334
vie;b;128;200;3;2;0.9349;0.4237
vie;b;128;200;3;4;0.9330;0.4094
vie;b;128;200;3;8;0.9466;0.4316
vie;b;128;300;2;2;0.8854;0.3775
vie;b;128;300;2;4;0.9162;0.4074
vie;b;128;300;2;8;0.9216;0.4217
vie;b;128;300;3;2;0.9164;0.4174
vie;b;128;300;3;4;0.9345;0.4213
vie;b;128;300;3;8;0.9426;0.4336
vie;b;200;64;2;2;0.9655;0.4046
vie;b;200;64;2;4;0.9773;0.4142
vie;b;200;64;2;8;0.9834;0.4447
vie;b;200;64;3;2;0.9865;0.4195
vie;b;200;64;3;4;0.9865;0.4291
vie;b;200;64;3;8;0.9911;0.4471
vie;b;200;128;2;2;0.9678;0.3946
ind;b;64;64;2;2;0.7789;0.5172
ind;b;64;64;2;4;0.8413;0.5709
ind;b;64;64;2;8;0.8268;0.5566
ind;b;64;64;3;2;0.8388;0.5526
ind;b;64;64;3;4;0.8473;0.5736
ind;b;64;64;3;8;0.8522;0.5701
ind;b;64;128;2;2;0.8156;0.5511
ind;b;64;128;2;4;0.8241;0.5608
ind;b;64;128;2;8;0.8252;0.5597
ind;b;64;128;3;2;0.8470;0.5751
ind;b;64;128;3;4;0.8479;0.5679
ind;b;64;128;3;8;0.8349;0.5691
ind;b;64;200;2;2;0.8321;0.5630
ind;b;64;200;2;4;0.8334;0.5621
ind;b;64;200;2;8;0.8329;0.5501
ind;b;64;200;3;2;0.8360;0.5561
ind;b;64;200;3;4;0.8546;0.5827
ind;b;64;200;3;8;0.8613;0.5845
ind;b;64;300;2;2;0.8393;0.5647
ind;b;64;300;2;4;0.8362;0.5614
ind;b;64;300;2;8;0.8328;0.5478
ind;b;64;300;3;2;0.8513;0.5961
ind;b;64;300;3;4;0.8509;0.5700
ind;b;64;300;3;8;0.8531;0.5724
ind;b;128;64;2;2;0.9136;0.5863
ind;b;128;64;2;4;0.9208;0.6216
ind;b;128;64;2;8;0.9371;0.6312
ind;b;128;64;3;2;0.9362;0.6181
ind;b;128;64;3;4;0.9420;0.6176
ind;b;128;64;3;8;0.9499;0.6498
ind;b;128;128;2;2;0.9262;0.6151
ind;b;128;128;2;4;0.9219;0.6084
ind;b;128;128;2;8;0.9372;0.6305
ind;b;128;128;3;2;0.9377;0.6089
ind;b;128;128;3;4;0.9366;0.6098
ind;b;128;128;3;8;0.9508;0.6471
ind;b;128;200;2;2;0.9175;0.5985
ind;b;128;200;2;4;0.9262;0.6086
ind;b;128;200;2;8;0.9453;0.6344
ind;b;128;200;3;2;0.9332;0.6100
ind;b;128;200;3;4;0.9455;0.6329
ind;b;128;200;3;8;0.9528;0.6487
ind;b;128;300;2;2;0.9231;0.6000
ind;b;128;300;2;4;0.9411;0.6256
ind;b;128;300;2;8;0.9486;0.6320
ind;b;128;300;3;2;0.9363;0.6155
ind;b;128;300;3;4;0.9486;0.6327
ind;b;128;300;3;8;0.9477;0.6409
ind;b;200;64;2;2;0.9491;0.5775
ind;b;200;64;2;4;0.9701;0.6217
ind;b;200;64;2;8;0.9793;0.6483
ind;b;200;64;3;2;0.9753;0.6300
ind;b;200;64;3;4;0.9803;0.6469
ind;b;200;64;3;8;0.9860;0.6635
ind;b;200;128;2;2;0.9599;0.6201
ind;b;200;128;2;4;0.9719;0.6279
ind;b;200;128;2;8;0.9721;0.6344
ind;b;200;128;3;2;0.9691;0.6379
ind;b;200;128;3;4;0.9854;0.6522
ind;b;200;128;3;8;0.9829;0.6597
ind;b;200;200;2;2;0.9620;0.6066
ind;b;200;200;2;4;0.9649;0.6383
ind;b;200;200;2;8;0.9771;0.6529
ind;b;200;200;3;2;0.9727;0.6315
ind;b;200;200;3;4;0.9822;0.6682
ind;b;200;200;3;8;0.9843;0.6612
ind;b;200;300;2;2;0.9590;0.6106
ind;b;200;300;2;4;0.9711;0.6388
ind;b;200;300;2;8;0.9757;0.6557
ind;b;200;300;3;2;0.9694;0.6149
ind;b;200;300;3;4;0.9825;0.6484
ind;b;200;300;3;8;0.9824;0.6543
ind;b;64;64;2;2;0.8037;0.5315
ind;b;64;64;2;4;0.8172;0.5483
ind;b;64;64;2;8;0.8325;0.5644
ind;b;64;64;3;2;0.8496;0.5724
ind;b;64;64;3;4;0.8386;0.5712
ind;b;64;64;3;8;0.8622;0.5896
ind;b;64;128;2;2;0.8251;0.5561
ind;b;64;128;2;4;0.8279;0.5466
ind;b;64;128;2;8;0.8322;0.5661
ind;b;64;128;3;2;0.8484;0.5787
ind;b;64;128;3;4;0.8519;0.5802
ind;b;64;128;3;8;0.8555;0.5827
ind;b;64;200;2;2;0.8320;0.5528
ind;b;64;200;2;4;0.8256;0.5489
ind;b;64;200;2;8;0.8403;0.5650
ind;b;64;200;3;2;0.8314;0.5549
ind;b;64;200;3;4;0.8538;0.5735
ind;b;64;200;3;8;0.8491;0.5807
ind;b;64;300;2;2;0.8187;0.5477
ind;b;64;300;2;4;0.8253;0.5623
ind;b;64;300;2;8;0.8363;0.5596
ind;b;64;300;3;2;0.8339;0.5692
ind;b;64;300;3;4;0.8555;0.5751
ind;b;64;300;3;8;0.8657;0.5980
ind;b;128;64;2;2;0.9251;0.6184
ind;b;128;64;2;4;0.9262;0.6176
ind;b;128;64;2;8;0.9342;0.6320
ind;b;128;64;3;2;0.9296;0.6112
ind;b;128;64;3;4;0.9611;0.6478
ind;b;128;64;3;8;0.9598;0.6543
ind;b;128;128;2;2;0.9178;0.5700
ind;b;128;128;2;4;0.9446;0.6273
ind;b;128;128;2;8;0.9371;0.6338
ind;b;128;128;3;2;0.9424;0.6139
ind;b;128;128;3;4;0.9520;0.6427
ind;b;128;128;3;8;0.9475;0.6520
ind;b;128;200;2;2;0.9176;0.6032
ind;b;128;200;2;4;0.9226;0.6080
ind;b;128;200;2;8;0.9349;0.6192
ind;b;128;200;3;2;0.9353;0.6170
ind;b;128;200;3;4;0.9468;0.6400
ind;b;128;200;3;8;0.9541;0.6510
ind;b;128;300;2;2;0.9189;0.5914
ind;b;128;300;2;4;0.9417;0.6235
ind;b;128;300;2;8;0.9508;0.6397
ind;b;128;300;3;2;0.9348;0.6198
ind;b;128;300;3;4;0.9476;0.6385
ind;b;128;300;3;8;0.9547;0.6486
ind;b;200;64;2;2;0.9590;0.6134
ind;b;200;64;2;4;0.9733;0.6360
ind;b;200;64;2;8;0.9726;0.6478
ind;b;200;64;3;2;0.9747;0.6133
ind;b;200;64;3;4;0.9810;0.6457
ind;b;200;64;3;8;0.9876;0.6733
ind;b;200;128;2;2;0.9509;0.5891
ind;b;200;128;2;4;0.9730;0.6339
ind;b;200;128;2;8;0.9747;0.6436
ind;b;200;128;3;2;0.9695;0.6217
ind;b;200;128;3;4;0.9811;0.6538
ind;b;200;128;3;8;0.9839;0.6650
ind;b;200;200;2;2;0.9510;0.5959
ind;b;200;200;2;4;0.9654;0.6318
ind;b;200;200;2;8;0.9781;0.6508
ind;b;200;200;3;2;0.9703;0.6247
ind;b;200;200;3;4;0.9826;0.6587
ind;b;200;200;3;8;0.9854;0.6544
ind;b;200;300;2;2;0.9569;0.5938
ind;b;200;300;2;4;0.9696;0.6145
ind;b;200;300;2;8;0.9781;0.6540
ind;b;200;300;3;2;0.9741;0.6287
ind;b;200;300;3;4;0.9795;0.6637
ind;b;200;300;3;8;0.9853;0.6633
ind;b;64;64;2;2;0.7910;0.5305
ind;b;64;64;2;4;0.8085;0.5388
ind;b;64;64;2;8;0.8215;0.5492
ind;b;64;64;3;2;0.8437;0.5677
ind;b;64;64;3;4;0.8534;0.5727
ind;b;64;64;3;8;0.8528;0.5748
ind;b;64;128;2;2;0.8300;0.5575
ind;b;64;128;2;4;0.8291;0.5560
ind;b;64;128;2;8;0.8244;0.5570
ind;b;64;128;3;2;0.8461;0.5763
ind;b;64;128;3;4;0.8268;0.5576
ind;b;64;128;3;8;0.8552;0.5863
ind;b;64;200;2;2;0.8276;0.5504
ind;b;64;200;2;4;0.8505;0.5712
ind;b;64;200;2;8;0.8254;0.5564
ind;b;64;200;3;2;0.8547;0.5742
ind;b;64;200;3;4;0.8575;0.5885
ind;b;64;200;3;8;0.8569;0.5741
ind;b;64;300;2;2;0.8324;0.5618
ind;b;64;300;2;4;0.8327;0.5609
ind;b;64;300;2;8;0.8325;0.5582
ind;b;64;300;3;2;0.8678;0.5851
ind;b;64;300;3;4;0.8600;0.5799
ind;b;64;300;3;8;0.8620;0.5941
ind;b;128;64;2;2;0.9256;0.5796
ind;b;128;64;2;4;0.9330;0.5955
ind;b;128;64;2;8;0.9310;0.6332
ind;b;128;64;3;2;0.9304;0.6017
ind;b;128;64;3;4;0.9502;0.6460
ind;b;128;64;3;8;0.9508;0.6493
ind;b;128;128;2;2;0.9106;0.5855
ind;b;128;128;2;4;0.9367;0.6226
ind;b;128;128;2;8;0.9324;0.6208
ind;b;128;128;3;2;0.9340;0.6128
ind;b;128;128;3;4;0.9448;0.6379
ind;b;128;128;3;8;0.9541;0.6569
ind;b;128;200;2;2;0.9147;0.5852
ind;b;128;200;2;4;0.9317;0.6119
ind;b;128;200;2;8;0.9309;0.6306
ind;b;128;200;3;2;0.9374;0.6315
ind;b;128;200;3;4;0.9507;0.6371
ind;b;128;200;3;8;0.9512;0.6452
ind;b;128;300;2;2;0.9166;0.6026
ind;b;128;300;2;4;0.9279;0.6198
ind;b;128;300;2;8;0.9417;0.6386
ind;b;128;300;3;2;0.9330;0.6075
ind;b;128;300;3;4;0.9401;0.6350
ind;b;128;300;3;8;0.9564;0.6407
ind;b;200;64;2;2;0.9589;0.5937
ind;b;200;64;2;4;0.9725;0.6320
ind;b;200;64;2;8;0.9821;0.6552
ind;b;200;64;3;2;0.9728;0.6259
ind;b;200;64;3;4;0.9801;0.6614
ind;b;200;64;3;8;0.9862;0.6700
ind;b;200;128;2;2;0.9567;0.6041
ind;bx;64;64;2;2;0.8028;0.5326
ind;bx;64;64;2;4;0.8291;0.5477
ind;bx;64;64;2;8;0.8363;0.5713
ind;bx;64;64;3;2;0.8318;0.5605
ind;bx;64;64;3;4;0.8542;0.5864
ind;bx;64;64;3;8;0.8349;0.5650
ind;bx;64;128;2;2;0.8222;0.5531
ind;bx;64;128;2;4;0.8121;0.5516
ind;bx;64;128;2;8;0.8403;0.5689
ind;bx;64;128;3;2;0.8209;0.5519
ind;bx;64;128;3;4;0.8455;0.5649
ind;bx;64;128;3;8;0.8379;0.5739
ind;bx;64;200;2;2;0.8132;0.5492
ind;bx;64;200;2;4;0.8294;0.5575
ind;bx;64;200;2;8;0.8285;0.5668
ind;bx;64;200;3;2;0.8331;0.5656
ind;bx;64;200;3;4;0.8519;0.5879
ind;bx;64;200;3;8;0.8512;0.5709
ind;bx;64;300;2;2;0.8137;0.5445
ind;bx;64;300;2;4;0.8397;0.5650
ind;bx;64;300;2;8;0.8539;0.5784
ind;bx;64;300;3;2;0.8348;0.5641
ind;bx;64;300;3;4;0.8640;0.5866
ind;bx;64;300;3;8;0.8622;0.6018
ind;bx;128;64;2;2;0.9164;0.5938
ind;bx;128;64;2;4;0.9261;0.6235
ind;bx;128;64;2;8;0.9371;0.6338
ind;bx;128;64;3;2;0.9299;0.6173
ind;bx;128;64;3;4;0.9497;0.6326
ind;bx;128;64;3;8;0.9498;0.6404
ind;bx;128;128;2;2;0.9184;0.5843
ind;bx;128;128;2;4;0.9362;0.6350
ind;bx;128;128;2;8;0.9362;0.6265
ind;bx;128;128;3;2;0.9374;0.6164
ind;bx;128;128;3;4;0.9463;0.6311
ind;bx;128;128;3;8;0.9521;0.6442
ind;bx;128;200;2;2;0.9201;0.6015
ind;bx;128;200;2;4;0.9339;0.6250
ind;bx;128;200;2;8;0.9380;0.6164
ind;bx;128;200;3;2;0.9324;0.6184
ind;bx;128;200;3;4;0.9389;0.6371
ind;bx;128;200;3;8;0.9510;0.6495
ind;bx;128;300;2;2;0.9210;0.5920
ind;bx;128;300;2;4;0.9380;0.6179
ind;bx;128;300;2;8;0.9417;0.6379
ind;bx;128;300;3;2;0.9327;0.6053
ind;bx;128;300;3;4;0.9498;0.6445
ind;bx;128;300;3;8;0.9573;0.6493
ind;bx;200;64;2;2;0.9561;0.6072
ind;bx;200;64;2;4;0.9648;0.6261
ind;bx;200;64;2;8;0.9732;0.6178
ind;bx;200;64;3;2;0.9707;0.6205
ind;bx;200;64;3;4;0.9788;0.6543
ind;bx;200;64;3;8;0.9838;0.6422
ind;bx;200;128;2;2;0.9548;0.6131
ind;bx;200;128;2;4;0.9714;0.6439
ind;bx;200;128;2;8;0.9757;0.6439
ind;bx;200;128;3;2;0.9756;0.6290
ind;bx;200;128;3;4;0.9837;0.6463
ind;bx;200;128;3;8;0.9848;0.6744
ind;bx;200;200;2;2;0.9598;0.6142
ind;bx;200;200;2;4;0.9646;0.6360
ind;bx;200;200;2;8;0.9757;0.6529
ind;bx;200;200;3;2;0.9743;0.6253
ind;bx;200;200;3;4;0.9798;0.6448
ind;bx;200;200;3;8;0.9831;0.6802
ind;bx;200;300;2;2;0.9581;0.5938
ind;bx;200;300;2;4;0.9670;0.6130
ind;bx;200;300;2;8;0.9752;0.6440
ind;bx;200;300;3;2;0.9676;0.6229
ind;bx;200;300;3;4;0.9787;0.6540
ind;bx;200;300;3;8;0.9811;0.6569
ind;bx;64;64;2;2;0.7950;0.5256
ind;bx;64;64;2;4;0.8033;0.5397
ind;bx;64;64;2;8;0.8269;0.5569
ind;bx;64;64;3;2;0.8178;0.5540
ind;bx;64;64;3;4;0.8211;0.5554
ind;bx;64;64;3;8;0.8547;0.5851
ind;bx;64;128;2;2;0.8114;0.5471
ind;bx;64;128;2;4;0.8280;0.5649
ind;bx;64;128;2;8;0.8403;0.5668
ind;bx;64;128;3;2;0.8298;0.5685
ind;bx;64;128;3;4;0.8383;0.5662
ind;bx;64;128;3;8;0.8411;0.5584
ind;bx;64;200;2;2;0.8207;0.5490
ind;bx;64;200;2;4;0.8280;0.5638
ind;bx;64;200;2;8;0.8353;0.5709
ind;bx;64;200;3;2;0.8528;0.5745
ind;bx;64;200;3;4;0.8461;0.5757
ind;bx;64;200;3;8;0.8581;0.5796
ind;bx;64;300;2;2;0.8229;0.5552
ind;bx;64;300;2;4;0.8286;0.5709
ind;bx;64;300;2;8;0.8465;0.5811
ind;bx;64;300;3;2;0.8175;0.5510
ind;bx;64;300;3;4;0.8608;0.5917
ind;bx;64;300;3;8;0.8580;0.5949
ind;bx;128;64;2;2;0.9192;0.5922
ind;bx;128;64;2;4;0.9242;0.6116
ind;bx;128;64;2;8;0.9431;0.6329
ind;bx;128;64;3;2;0.9369;0.6282
ind;bx;128;64;3;4;0.9440;0.6413
ind;bx;128;64;3;8;0.9429;0.6454
ind;bx;128;128;2;2;0.9117;0.5920
ind;bx;128;128;2;4;0.9276;0.6109
ind;bx;128;128;2;8;0.9324;0.6213
ind;bx;128;128;3;2;0.9308;0.6225
ind;bx;128;128;3;4;0.9463;0.6456
ind;bx;128;128;3;8;0.9529;0.6513
ind;bx;128;200;2;2;0.9280;0.6048
ind;bx;128;200;2;4;0.9305;0.5926
ind;bx;128;200;2;8;0.9375;0.6290
ind;bx;128;200;3;2;0.9378;0.6172
ind;bx;128;200;3;4;0.9452;0.6249
ind;bx;128;200;3;8;0.9450;0.6456
ind;bx;128;300;2;2;0.9226;0.5955
ind;bx;128;300;2;4;0.9302;0.6148
ind;bx;128;300;2;8;0.9352;0.6440
ind;bx;128;300;3;2;0.9323;0.6258
ind;bx;128;300;3;4;0.9456;0.6443
ind;bx;128;300;3;8;0.9568;0.6596
ind;bx;200;64;2;2;0.9609;0.5890
ind;bx;200;64;2;4;0.9679;0.6330
ind;bx;200;64;2;8;0.9700;0.6391
ind;bx;200;64;3;2;0.9647;0.6009
ind;bx;200;64;3;4;0.9817;0.6510
ind;bx;200;64;3;8;0.9846;0.6677
ind;bx;200;128;2;2;0.9610;0.5983
ind;bx;200;128;2;4;0.9664;0.6275
ind;bx;200;128;2;8;0.9726;0.6371
ind;bx;200;128;3;2;0.9665;0.6216
ind;bx;200;128;3;4;0.9786;0.6471
ind;bx;200;128;3;8;0.9837;0.6655
ind;bx;200;200;2;2;0.9610;0.5967
ind;bx;200;200;2;4;0.9726;0.6386
ind;bx;200;200;2;8;0.9783;0.6427
ind;bx;200;200;3;2;0.9706;0.6347
ind;bx;200;200;3;4;0.9766;0.6475
ind;bx;200;200;3;8;0.9847;0.6732
ind;bx;200;300;2;2;0.9525;0.5872
ind;bx;200;300;2;4;0.9695;0.6201
ind;bx;200;300;2;8;0.9781;0.6454
ind;bx;200;300;3;2;0.9679;0.6287
ind;bx;200;300;3;4;0.9769;0.6612
ind;bx;200;300;3;8;0.9817;0.6591
ind;bx;64;64;2;2;0.7799;0.5271
ind;bx;64;64;2;4;0.8191;0.5492
ind;bx;64;64;2;8;0.8367;0.5679
ind;bx;64;64;3;2;0.8464;0.5738
ind;bx;64;64;3;4;0.8450;0.5674
ind;bx;64;64;3;8;0.8409;0.5667
ind;bx;64;128;2;2;0.8104;0.5422
ind;bx;64;128;2;4;0.8275;0.5606
ind;bx;64;128;2;8;0.8384;0.5650
ind;bx;64;128;3;2;0.8385;0.5718
ind;bx;64;128;3;4;0.8450;0.5775
ind;bx;64;128;3;8;0.8521;0.5831
ind;bx;64;200;2;2;0.8085;0.5459
ind;bx;64;200;2;4;0.8082;0.5468
ind;bx;64;200;2;8;0.8463;0.5647
ind;bx;64;200;3;2;0.8521;0.5830
ind;bx;64;200;3;4;0.8371;0.5652
ind;bx;64;200;3;8;0.8399;0.5695
ind;bx;64;300;2;2;0.8222;0.5558
ind;bx;64;300;2;4;0.8382;0.5649
ind;bx;64;300;2;8;0.8361;0.5799
ind;bx;64;300;3;2;0.8439;0.5703
ind;bx;64;300;3;4;0.8361;0.5701
ind;bx;64;300;3;8;0.8492;0.5804
ind;bx;128;64;2;2;0.9189;0.6015
ind;bx;128;64;2;4;0.9233;0.6071
ind;bx;128;64;2;8;0.9331;0.6249
ind;bx;128;64;3;2;0.9325;0.6288
ind;bx;128;64;3;4;0.9384;0.6193
ind;bx;128;64;3;8;0.9540;0.6492
ind;bx;128;128;2;2;0.9201;0.5956
ind;bx;128;128;2;4;0.9351;0.6234
ind;bx;128;128;2;8;0.9472;0.6481
ind;bx;128;128;3;2;0.9310;0.6030
ind;bx;128;128;3;4;0.9470;0.6318
ind;bx;128;128;3;8;0.9450;0.6410
ind;bx;128;200;2;2;0.9208;0.5959
ind;bx;128;200;2;4;0.9338;0.6214
ind;bx;128;200;2;8;0.9435;0.6315
ind;bx;128;200;3;2;0.9351;0.6255
ind;bx;128;200;3;4;0.9389;0.6386
ind;bx;128;200;3;8;0.9565;0.6418
ind;bx;128;300;2;2;0.9091;0.5917
ind;bx;128;300;2;4;0.9293;0.6170
ind;bx;128;300;2;8;0.9414;0.6415
ind;bx;128;300;3;2;0.9283;0.5962
ind;bx;128;300;3;4;0.9453;0.6392
ind;bx;128;300;3;8;0.9509;0.6427
ind;bx;200;64;2;2;0.9538;0.5997
ind;bx;200;64;2;4;0.9695;0.6170
ind;bx;200;64;2;8;0.9777;0.6425
ind;bx;200;64;3;2;0.9718;0.6208
ind;bx;200;64;3;4;0.9773;0.6541
ind;bx;200;64;3;8;0.9844;0.6611
ind;bx;200;128;2;2;0.9610;0.6072

eng;x;64;64;2;0;0.9265;0.7738
eng;x;64;64;3;0;0.9229;0.7795
eng;x;64;128;2;0;0.9576;0.8031
eng;x;64;128;3;0;0.9619;0.8095
eng;x;64;200;2;0;0.9731;0.8171
eng;x;64;200;3;0;0.9739;0.8105
eng;x;64;300;2;0;0.9830;0.8345
eng;x;64;300;3;0;0.9833;0.8271
eng;x;128;64;2;0;0.9334;0.7725
eng;x;128;64;3;0;0.9313;0.7751
eng;x;128;128;2;0;0.9647;0.7958
eng;x;128;128;3;0;0.9633;0.7898
eng;x;128;200;2;0;0.9790;0.8167
eng;x;128;200;3;0;0.9771;0.8107
eng;x;128;300;2;0;0.9843;0.8179
eng;x;128;300;3;0;0.9843;0.8190
eng;x;200;64;2;0;0.9370;0.7519
eng;x;200;64;3;0;0.9326;0.7392
eng;x;200;128;2;0;0.9690;0.7910
eng;x;200;128;3;0;0.9672;0.7842
eng;x;200;200;2;0;0.9793;0.8075
eng;x;200;200;3;0;0.9776;0.8032
eng;x;200;300;2;0;0.9842;0.8153
eng;x;200;300;3;0;0.9857;0.8180
eng;x;64;64;2;0;0.9246;0.7683
eng;x;64;64;3;0;0.9222;0.7787
eng;x;64;128;2;0;0.9607;0.8037
eng;x;64;128;3;0;0.9604;0.7977
eng;x;64;200;2;0;0.9744;0.8225
eng;x;64;200;3;0;0.9742;0.8182
eng;x;64;300;2;0;0.9829;0.8188
eng;x;64;300;3;0;0.9834;0.8224
eng;x;128;64;2;0;0.9350;0.7733
eng;x;128;64;3;0;0.9289;0.7566
eng;x;128;128;2;0;0.9658;0.8054
eng;x;128;128;3;0;0.9651;0.7967
eng;x;128;200;2;0;0.9778;0.8153
eng;x;128;200;3;0;0.9771;0.8127
eng;x;128;300;2;0;0.9832;0.8175
eng;x;128;300;3;0;0.9839;0.8202
eng;x;200;64;2;0;0.9356;0.7513
eng;x;200;64;3;0;0.9376;0.7596
eng;x;200;128;2;0;0.9693;0.7929
eng;x;200;128;3;0;0.9705;0.7907
eng;x;200;200;2;0;0.9804;0.8045
eng;x;200;200;3;0;0.9780;0.8032
eng;x;200;300;2;0;0.9865;0.8193
eng;x;200;300;3;0;0.9853;0.8102
eng;x;64;64;2;0;0.9231;0.7692
eng;x;64;64;3;0;0.9221;0.7757
eng;x;64;128;2;0;0.9585;0.8020
eng;x;64;128;3;0;0.9607;0.8074
eng;x;64;200;2;0;0.9748;0.8118
eng;x;64;200;3;0;0.9723;0.8153
eng;x;64;300;2;0;0.9828;0.8256
eng;x;64;300;3;0;0.9821;0.8204
eng;x;128;64;2;0;0.9320;0.7628
eng;x;128;64;3;0;0.9355;0.7662
eng;x;128;128;2;0;0.9669;0.7976
eng;x;128;128;3;0;0.9666;0.7995
eng;x;128;200;2;0;0.9761;0.8133
eng;x;128;200;3;0;0.9780;0.8139
eng;x;128;300;2;0;0.9846;0.8126
eng;x;128;300;3;0;0.9817;0.8160
eng;x;200;64;2;0;0.9393;0.7466
eng;x;200;64;3;0;0.9358;0.7553
eng;x;200;128;2;0;0.9683;0.7819
eng;x;200;128;3;0;0.9705;0.7887
eng;x;200;200;2;0;0.9795;0.8095
eng;x;200;200;3;0;0.9795;0.7960
eng;x;200;300;2;0;0.9854;0.8076
eng;x;200;300;3;0;0.9849;0.8118
fra;t+p;64;64;2;0;0.9688;0.8262
fra;t+p;64;64;3;0;0.9711;0.8261
fra;t+p;64;128;2;0;0.9888;0.8646
fra;t+p;64;128;3;0;0.9866;0.8639
fra;t+p;64;200;2;0;0.9929;0.8709
fra;t+p;64;200;3;0;0.9926;0.8681
fra;t+p;64;300;2;0;0.9957;0.8741
fra;t+p;64;300;3;0;0.9952;0.8703
fra;t+p;128;64;2;0;0.9728;0.8158
fra;t+p;128;64;3;0;0.9772;0.8297
fra;t+p;128;128;2;0;0.9891;0.8449
fra;t+p;128;128;3;0;0.9911;0.8521
fra;t+p;128;200;2;0;0.9944;0.8622
fra;t+p;128;200;3;0;0.9943;0.8619
fra;t+p;128;300;2;0;0.9970;0.8701
fra;t+p;128;300;3;0;0.9966;0.8723
fra;t+p;200;64;2;0;0.9793;0.8048
fra;t+p;200;64;3;0;0.9756;0.8247
fra;t+p;200;128;2;0;0.9913;0.8426
fra;t+p;200;128;3;0;0.9904;0.8393
fra;t+p;200;200;2;0;0.9952;0.8624
fra;t+p;200;200;3;0;0.9952;0.8576
fra;t+p;200;300;2;0;0.9967;0.8595
fra;t+p;200;300;3;0;0.9971;0.8645
fra;t+p;64;64;2;0;0.9691;0.8120
fra;t+p;64;64;3;0;0.9697;0.8385
fra;t+p;64;128;2;0;0.9867;0.8535
fra;t+p;64;128;3;0;0.9863;0.8606
fra;t+p;64;200;2;0;0.9926;0.8702
fra;t+p;64;200;3;0;0.9922;0.8679
fra;t+p;64;300;2;0;0.9951;0.8746
fra;t+p;64;300;3;0;0.9957;0.8686
fra;t+p;128;64;2;0;0.9765;0.8276
fra;t+p;128;64;3;0;0.9741;0.8319
fra;t+p;128;128;2;0;0.9910;0.8431
fra;t+p;128;128;3;0;0.9895;0.8562
fra;t+p;128;200;2;0;0.9944;0.8630
fra;t+p;128;200;3;0;0.9949;0.8625
fra;t+p;128;300;2;0;0.9965;0.8654
fra;t+p;128;300;3;0;0.9967;0.8661
fra;t+p;200;64;2;0;0.9729;0.8209
fra;t+p;200;64;3;0;0.9776;0.8238
fra;t+p;200;128;2;0;0.9914;0.8390
fra;t+p;200;128;3;0;0.9904;0.8470
fra;t+p;200;200;2;0;0.9955;0.8539
fra;t+p;200;200;3;0;0.9954;0.8559
fra;t+p;200;300;2;0;0.9977;0.8719
fra;t+p;200;300;3;0;0.9970;0.8690
fra;t+p;64;64;2;0;0.9688;0.8386
fra;t+p;64;64;3;0;0.9704;0.8092
fra;t+p;64;128;2;0;0.9873;0.8583
fra;t+p;64;128;3;0;0.9882;0.8635
fra;t+p;64;200;2;0;0.9914;0.8675
fra;t+p;64;200;3;0;0.9925;0.8686
fra;t+p;64;300;2;0;0.9946;0.8691
fra;t+p;64;300;3;0;0.9956;0.8658
fra;t+p;128;64;2;0;0.9733;0.8233
fra;t+p;128;64;3;0;0.9737;0.8332
fra;t+p;128;128;2;0;0.9900;0.8529
fra;t+p;128;128;3;0;0.9901;0.8539
fra;t+p;128;200;2;0;0.9932;0.8603
fra;t+p;128;200;3;0;0.9936;0.8607
fra;t+p;128;300;2;0;0.9962;0.8673
fra;t+p;128;300;3;0;0.9963;0.8684
fra;t+p;200;64;2;0;0.9799;0.8235
fra;t+p;200;64;3;0;0.9759;0.8082
fra;t+p;200;128;2;0;0.9930;0.8453
fra;t+p;200;128;3;0;0.9911;0.8548
fra;t+p;200;200;2;0;0.9955;0.8641
fra;t+p;200;200;3;0;0.9952;0.8525
fra;t+p;200;300;2;0;0.9970;0.8658
fra;t+p;200;300;3;0;0.9970;0.8659
